MM:DD:YYYY hh:mm:ss,Library_Version,Session_type,Device_Number,Battery_Voltage,Motor_Turns,FR,Event,Active_Poke,Left_Poke_Count,Right_Poke_Count,Pellet_Count,Block_Pellet_Count,Retrieval_Time,InterPelletInterval,Poke_Time
8/26/2026 13:36:43,1.17.3,StopSig,18,4.12,nan,1,>Left_Regular_trial,Left,1,0,0,222794,nan,nan,nan
8/26/2026 13:36:44,1.17.3,StopSig,18,4.12,nan,1,Right_Regular_(correct),Left,1,1,0,224555,nan,nan,nan
8/26/2026 13:36:50,1.17.3,StopSig,18,4.12,3,1,Pellet,Left,1,1,1,224555,0.47,nan,nan
8/26/2026 13:37:10,1.17.3,StopSig,18,4.12,nan,1,Right_no_left,Left,1,2,1,224555,nan,nan,nan
8/26/2026 13:37:11,1.17.3,StopSig,18,4.12,nan,1,Right_no_left,Left,1,3,1,250185,nan,nan,nan
8/26/2026 13:37:13,1.17.3,StopSig,18,4.12,nan,1,>Left_Regular_trial,Left,2,3,1,253108,nan,nan,nan
8/26/2026 13:37:17,1.17.3,StopSig,18,4.12,nan,1,NoPoke_Regular_(incorrect),Left,2,3,1,256908,nan,nan,nan
8/26/2026 13:37:53,1.17.3,StopSig,18,4.12,nan,1,>Left_Regular_trial,Left,3,3,1,292630,nan,nan,nan
8/26/2026 13:37:56,1.17.3,StopSig,18,4.12,nan,1,NoPoke_Regular_(incorrect),Left,3,3,1,295992,nan,nan,nan
8/26/2026 13:39:08,1.17.3,StopSig,18,4.12,nan,1,>Left_Regular_trial,Left,4,3,1,367899,nan,nan,nan
8/26/2026 13:39:09,1.17.3,StopSig,18,4.12,nan,1,Right_Regular_(correct),Left,4,4,1,369512,nan,nan,nan
8/26/2026 13:39:11,1.17.3,StopSig,18,4.12,1,1,Pellet,Left,4,4,2,369512,0.53,140,nan
8/26/2026 13:40:28,1.17.3,StopSig,18,4.12,nan,1,Right_no_left,Left,4,5,2,369512,nan,nan,nan
8/26/2026 13:40:30,1.17.3,StopSig,18,4.12,nan,1,>Left_Regular_trial,Left,5,5,2,449661,nan,nan,nan
8/26/2026 13:40:33,1.17.3,StopSig,18,4.12,nan,1,NoPoke_Regular_(incorrect),Left,5,5,2,453030,nan,nan,nan
8/26/2026 13:41:08,1.17.3,StopSig,18,4.12,nan,1,>Left_Regular_trial,Left,6,5,2,488032,nan,nan,nan
8/26/2026 13:41:09,1.17.3,StopSig,18,4.12,nan,1,Right_Regular_(correct),Left,6,6,2,489354,nan,nan,nan
8/26/2026 13:41:10,1.17.3,StopSig,18,4.12,1,1,Pellet,Left,6,6,3,489354,0.41,120,nan
8/26/2026 13:41:46,1.17.3,StopSig,18,4.12,nan,1,Right_no_left,Left,6,7,3,489354,nan,nan,nan
8/26/2026 13:41:49,1.17.3,StopSig,18,4.12,nan,1,>Left_Regular_trial,Left,7,7,3,529209,nan,nan,nan
8/26/2026 13:41:53,1.17.3,StopSig,18,4.12,nan,1,NoPoke_Regular_(incorrect),Left,7,7,3,533006,nan,nan,nan
8/26/2026 13:42:48,1.17.3,StopSig,18,4.12,nan,1,>Left_Regular_trial,Left,8,7,3,588267,nan,nan,nan
8/26/2026 13:42:49,1.17.3,StopSig,18,4.12,nan,1,Right_Regular_(correct),Left,8,8,3,589443,nan,nan,nan
8/26/2026 13:42:50,1.17.3,StopSig,18,4.12,1,1,Pellet,Left,8,8,4,589443,0.29,100,nan
8/26/2026 13:43:10,1.17.3,StopSig,18,4.12,nan,1,Right_no_left,Left,8,9,4,589443,nan,nan,nan
8/26/2026 13:43:11,1.17.3,StopSig,18,4.12,nan,1,>Left_Regular_trial,Left,9,9,4,611268,nan,nan,nan
8/26/2026 13:43:12,1.17.3,StopSig,18,4.12,nan,1,Right_Regular_(correct),Left,9,10,4,612298,nan,nan,nan
8/26/2026 13:43:13,1.17.3,StopSig,18,4.12,1,1,Pellet,Left,9,10,5,612298,0.29,23,nan
8/26/2026 13:45:19,1.17.3,StopSig,18,4.12,nan,1,>Left_Regular_trial,Left,10,10,5,738784,nan,nan,nan
8/26/2026 13:45:22,1.17.3,StopSig,18,4.12,nan,1,Right_Regular_(correct),Left,10,11,5,741864,nan,nan,nan
8/26/2026 13:45:23,1.17.3,StopSig,18,4.12,1,1,Pellet,Left,10,11,6,741864,0.77,130,nan
8/26/2026 13:47:56,1.17.3,StopSig,18,4.12,nan,1,>Left_Regular_trial,Left,11,11,6,895657,nan,nan,nan
8/26/2026 13:47:58,1.17.3,StopSig,18,4.12,nan,1,Right_Regular_(correct),Left,11,12,6,898147,nan,nan,nan
8/26/2026 13:47:59,1.17.3,StopSig,18,4.12,1,1,Pellet,Left,11,12,7,898147,0.65,156,nan
8/26/2026 13:52:16,1.17.3,StopSig,18,4.12,nan,1,Right_no_left,Left,11,13,7,898147,nan,nan,nan
8/26/2026 13:54:42,1.17.3,StopSig,18,4.11,nan,1,>Left_Regular_trial,Left,12,13,7,1302052,nan,nan,nan
8/26/2026 13:54:46,1.17.3,StopSig,18,4.12,nan,1,NoPoke_Regular_(incorrect),Left,12,13,7,1306007,nan,nan,nan
8/26/2026 13:55:29,1.17.3,StopSig,18,4.12,nan,1,>Left_Regular_trial,Left,13,13,7,1349495,nan,nan,nan
8/26/2026 13:55:33,1.17.3,StopSig,18,4.12,nan,1,NoPoke_Regular_(incorrect),Left,13,13,7,1353013,nan,nan,nan
8/26/2026 13:57:19,1.17.3,StopSig,18,4.12,nan,1,>Left_Regular_trial,Left,14,13,7,1459372,nan,nan,nan
8/26/2026 13:57:23,1.17.3,StopSig,18,4.12,nan,1,NoPoke_Regular_(incorrect),Left,14,13,7,1463037,nan,nan,nan
8/26/2026 13:57:56,1.17.3,StopSig,18,4.12,nan,1,>Left_Regular_trial,Left,15,13,7,1495712,nan,nan,nan
8/26/2026 13:57:57,1.17.3,StopSig,18,4.12,nan,1,Right_Regular_(correct),Left,15,14,7,1497329,nan,nan,nan
8/26/2026 13:57:58,1.17.3,StopSig,18,4.12,1,1,Pellet,Left,15,14,8,1497329,0.53,599,nan
8/26/2026 13:59:55,1.17.3,StopSig,18,4.12,nan,1,Right_no_left,Left,15,15,8,1497329,nan,nan,nan
8/26/2026 13:59:55,1.17.3,StopSig,18,4.12,nan,1,Right_no_left,Left,15,16,8,1615083,nan,nan,nan
8/26/2026 14:00:13,1.17.3,StopSig,18,4.12,nan,1,>Left_Regular_trial,Left,16,16,8,1633091,nan,nan,nan
8/26/2026 14:00:14,1.17.3,StopSig,18,4.12,nan,1,Right_Regular_(correct),Left,16,17,8,1633978,nan,nan,nan
8/26/2026 14:00:17,1.17.3,StopSig,18,4.12,2,1,Pellet,Left,16,17,9,1633978,0.35,139,nan
8/26/2026 14:06:06,1.17.3,StopSig,18,4.12,nan,1,Right_no_left,Left,16,18,9,1633978,nan,nan,nan
8/26/2026 14:06:09,1.17.3,StopSig,18,4.12,nan,1,>Left_Regular_trial,Left,17,18,9,1988725,nan,nan,nan
8/26/2026 14:06:10,1.17.3,StopSig,18,4.12,nan,1,Right_Regular_(correct),Left,17,19,9,1990489,nan,nan,nan
8/26/2026 14:06:12,1.17.3,StopSig,18,4.12,1,1,Pellet,Left,17,19,10,1990489,0.53,355,nan
8/26/2026 14:08:16,1.17.3,StopSig,18,4.12,nan,1,>Left_Regular_trial,Left,18,19,10,2115916,nan,nan,nan
8/26/2026 14:08:17,1.17.3,StopSig,18,4.12,nan,1,Right_Regular_(correct),Left,18,20,10,2117389,nan,nan,nan
8/26/2026 14:08:18,1.17.3,StopSig,18,4.12,2,1,Pellet,Left,18,20,11,2117389,0.35,126,nan
8/26/2026 14:09:17,1.17.3,StopSig,18,4.12,nan,1,Right_no_left,Left,18,21,11,2117389,nan,nan,nan
8/26/2026 14:39:01,1.17.3,StopSig,18,4.12,nan,1,Right_no_left,Left,18,22,11,2177384,nan,nan,nan
8/26/2026 14:39:44,1.17.3,StopSig,18,4.11,nan,1,>Left_Regular_trial,Left,19,22,11,4004126,nan,nan,nan
8/26/2026 14:39:45,1.17.3,StopSig,18,4.12,nan,1,Right_Regular_(correct),Left,19,23,11,4005013,nan,nan,nan
8/26/2026 14:39:45,1.17.3,StopSig,18,4.11,nan,1,RightDuringDispense,Left,19,24,11,4005013,nan,nan,0.01
8/26/2026 14:39:46,1.17.3,StopSig,18,4.11,1,1,Pellet,Left,19,24,12,4005013,0.47,1888,nan
8/26/2026 14:41:13,1.17.3,StopSig,18,4.12,nan,1,>Left_Stop_trial,Left,20,24,12,4093371,nan,nan,nan
8/26/2026 14:41:17,1.17.3,StopSig,18,4.12,nan,1,NoPoke_STOP_(correct),Left,20,24,12,4097065,nan,nan,nan
8/26/2026 14:41:18,1.17.3,StopSig,18,4.12,1,1,Pellet,Left,20,24,13,4097065,0.95,92,nan
8/26/2026 14:42:56,1.17.3,StopSig,18,4.11,nan,1,Right_no_left,Left,20,25,13,4097065,nan,nan,nan
8/26/2026 14:43:05,1.17.3,StopSig,18,4.11,nan,1,Right_no_left,Left,20,26,13,4196038,nan,nan,nan
8/26/2026 14:48:40,1.17.3,StopSig,18,4.11,nan,1,>Left_Stop_trial,Left,21,26,13,4539525,nan,nan,nan
8/26/2026 14:48:43,1.17.3,StopSig,18,4.12,nan,1,NoPoke_STOP_(correct),Left,21,26,13,4543075,nan,nan,nan
8/26/2026 14:48:44,1.17.3,StopSig,18,4.11,1,1,Pellet,Left,21,26,14,4543075,0.59,446,nan
8/26/2026 14:49:29,1.17.3,StopSig,18,4.12,nan,1,>Left_Regular_trial,Left,22,26,14,4589119,nan,nan,nan
8/26/2026 14:49:30,1.17.3,StopSig,18,4.12,nan,1,Right_Regular_(correct),Left,22,27,14,4590156,nan,nan,nan
8/26/2026 14:49:31,1.17.3,StopSig,18,4.12,1,1,Pellet,Left,22,27,15,4590156,0.29,47,nan
8/26/2026 14:50:21,1.17.3,StopSig,18,4.12,nan,1,>Left_Regular_trial,Left,23,27,15,4641478,nan,nan,nan
8/26/2026 14:50:22,1.17.3,StopSig,18,4.11,nan,1,Right_Regular_(correct),Left,23,28,15,4642219,nan,nan,nan
8/26/2026 14:50:23,1.17.3,StopSig,18,4.11,1,1,Pellet,Left,23,28,16,4642219,0.59,52,nan
8/26/2026 14:50:57,1.17.3,StopSig,18,4.12,nan,1,>Left_Stop_trial,Left,24,28,16,4676474,nan,nan,nan
8/26/2026 14:51:00,1.17.3,StopSig,18,4.12,nan,1,NoPoke_STOP_(correct),Left,24,28,16,4680174,nan,nan,nan
8/26/2026 14:51:01,1.17.3,StopSig,18,4.12,1,1,Pellet,Left,24,28,17,4680174,0.35,38,nan
8/26/2026 14:51:31,1.17.3,StopSig,18,4.11,nan,1,Right_no_left,Left,24,29,17,4680174,nan,nan,nan
8/26/2026 14:51:34,1.17.3,StopSig,18,4.11,nan,1,>Left_Stop_trial,Left,25,29,17,4713809,nan,nan,nan
8/26/2026 14:51:37,1.17.3,StopSig,18,4.11,nan,1,NoPoke_STOP_(correct),Left,25,29,17,4717067,nan,nan,nan
8/26/2026 14:51:38,1.17.3,StopSig,18,4.11,1,1,Pellet,Left,25,29,18,4717067,0.95,37,nan
8/26/2026 14:53:45,1.17.3,StopSig,18,4.11,nan,1,Right_no_left,Left,25,30,18,4717067,nan,nan,nan
8/26/2026 15:14:01,1.17.3,StopSig,18,4.11,nan,1,Right_no_left,Left,25,31,18,4845324,nan,nan,nan
8/26/2026 15:14:01,1.17.3,StopSig,18,4.11,nan,1,Right_no_left,Left,25,32,18,6061332,nan,nan,nan
8/26/2026 15:14:55,1.17.3,StopSig,18,4.11,nan,1,>Left_Regular_trial,Left,26,32,18,6115565,nan,nan,nan
8/26/2026 15:14:59,1.17.3,StopSig,18,4.11,nan,1,Right_Regular_(correct),Left,26,33,18,6119095,nan,nan,nan
8/26/2026 15:15:02,1.17.3,StopSig,18,4.11,2,1,Pellet,Left,26,33,19,6119095,0.53,1404,nan
8/26/2026 15:15:28,1.17.3,StopSig,18,4.11,nan,1,Right_no_left,Left,26,34,19,6119095,nan,nan,nan
8/26/2026 15:15:28,1.17.3,StopSig,18,4.11,nan,1,Right_no_left,Left,26,35,19,6148086,nan,nan,nan
8/26/2026 15:15:29,1.17.3,StopSig,18,4.11,nan,1,Right_no_left,Left,26,36,19,6148681,nan,nan,nan
8/26/2026 15:15:30,1.17.3,StopSig,18,4.11,nan,1,Right_no_left,Left,26,37,19,6149872,nan,nan,nan
8/26/2026 15:16:06,1.17.3,StopSig,18,4.12,nan,1,>Left_Regular_trial,Left,27,37,19,6186368,nan,nan,nan
8/26/2026 15:16:07,1.17.3,StopSig,18,4.09,nan,1,Right_Regular_(correct),Left,27,38,19,6187841,nan,nan,nan
8/26/2026 15:16:09,1.17.3,StopSig,18,4.11,1,1,Pellet,Left,27,38,20,6187841,0.47,67,nan
8/26/2026 16:18:04,1.17.3,StopSig,18,4.11,nan,1,Right_no_left,Left,27,39,20,6187841,nan,nan,nan
8/26/2026 16:18:08,1.17.3,StopSig,18,4.11,nan,1,Right_no_left,Left,27,40,20,9904657,nan,nan,nan
8/26/2026 16:18:10,1.17.3,StopSig,18,4.11,nan,1,>Left_Regular_trial,Left,28,40,20,9910385,nan,nan,nan
8/26/2026 16:18:13,1.17.3,StopSig,18,4.11,nan,1,Right_Regular_(correct),Left,28,41,20,9913768,nan,nan,nan
8/26/2026 16:18:14,1.17.3,StopSig,18,4.11,1,1,Pellet,Left,28,41,21,9913768,0.23,3725,nan
8/26/2026 16:18:53,1.17.3,StopSig,18,4.11,nan,1,>Left_Regular_trial,Left,29,41,21,9953374,nan,nan,nan
8/26/2026 16:18:54,1.17.3,StopSig,18,4.11,nan,1,Right_Regular_(correct),Left,29,42,21,9954850,nan,nan,nan
8/26/2026 16:18:57,1.17.3,StopSig,18,4.11,2,1,Pellet,Left,29,42,22,9954850,0.29,43,nan
8/26/2026 16:19:16,1.17.3,StopSig,18,4.09,nan,1,>Left_Stop_trial,Left,30,42,22,9975845,nan,nan,nan
8/26/2026 16:19:19,1.17.3,StopSig,18,4.11,nan,1,NoPoke_STOP_(correct),Left,30,42,22,9979398,nan,nan,nan
8/26/2026 16:19:20,1.17.3,StopSig,18,4.11,1,1,Pellet,Left,30,42,23,9979398,0.35,23,nan
8/26/2026 16:19:39,1.17.3,StopSig,18,4.11,nan,1,>Left_Regular_trial,Left,31,42,23,9999657,nan,nan,nan
8/26/2026 16:19:41,1.17.3,StopSig,18,4.11,nan,1,Right_Regular_(correct),Left,31,43,23,10001130,nan,nan,nan
8/26/2026 16:19:42,1.17.3,StopSig,18,4.11,1,1,Pellet,Left,31,43,24,10001130,0.47,22,nan
8/26/2026 16:19:53,1.17.3,StopSig,18,4.11,nan,1,Right_no_left,Left,31,44,24,10001130,nan,nan,nan
8/26/2026 16:19:54,1.17.3,StopSig,18,4.10,nan,1,>Left_Regular_trial,Left,32,44,24,10014721,nan,nan,nan
8/26/2026 16:19:58,1.17.3,StopSig,18,4.10,nan,1,NoPoke_Regular_(incorrect),Left,32,44,24,10018394,nan,nan,nan
8/26/2026 16:20:44,1.17.3,StopSig,18,4.10,nan,1,>Left_Regular_trial,Left,33,44,24,10064567,nan,nan,nan
8/26/2026 16:20:46,1.17.3,StopSig,18,4.11,nan,1,Right_Regular_(correct),Left,33,45,24,10066629,nan,nan,nan
8/26/2026 16:20:47,1.17.3,StopSig,18,4.10,1,1,Pellet,Left,33,45,25,10066629,0.59,65,nan
8/26/2026 16:21:08,1.17.3,StopSig,18,4.11,nan,1,Right_no_left,Left,33,46,25,10066629,nan,nan,nan
8/26/2026 16:21:09,1.17.3,StopSig,18,4.11,nan,1,Right_no_left,Left,33,47,25,10088869,nan,nan,nan
8/26/2026 16:21:09,1.17.3,StopSig,18,4.11,nan,1,Right_no_left,Left,33,48,25,10089467,nan,nan,nan
8/26/2026 16:21:10,1.17.3,StopSig,18,4.11,nan,1,Right_no_left,Left,33,49,25,10090062,nan,nan,nan
8/26/2026 16:21:22,1.17.3,StopSig,18,4.09,nan,1,>Left_Regular_trial,Left,34,49,25,10102830,nan,nan,nan
8/26/2026 16:21:24,1.17.3,StopSig,18,4.10,nan,1,Right_Regular_(correct),Left,34,50,25,10104158,nan,nan,nan
8/26/2026 16:21:24,1.17.3,StopSig,18,4.11,1,1,Pellet,Left,34,50,26,10104158,0.17,37,nan
8/26/2026 16:21:47,1.17.3,StopSig,18,4.11,nan,1,>Left_Regular_trial,Left,35,50,26,10127495,nan,nan,nan
8/26/2026 16:21:51,1.17.3,StopSig,18,4.10,nan,1,NoPoke_Regular_(incorrect),Left,35,50,26,10131318,nan,nan,nan
8/26/2026 16:22:24,1.17.3,StopSig,18,4.10,nan,1,Right_no_left,Left,35,51,26,10131318,nan,nan,nan
8/26/2026 16:22:28,1.17.3,StopSig,18,4.11,nan,1,>Left_Stop_trial,Left,36,51,26,10168114,nan,nan,nan
8/26/2026 16:22:31,1.17.3,StopSig,18,4.11,nan,1,NoPoke_STOP_(correct),Left,36,51,26,10171375,nan,nan,nan
8/26/2026 16:22:32,1.17.3,StopSig,18,4.11,1,1,Pellet,Left,36,51,27,10171375,0.23,68,nan
8/26/2026 16:22:57,1.17.3,StopSig,18,4.11,nan,1,Right_no_left,Left,36,52,27,10171375,nan,nan,nan
8/26/2026 16:23:00,1.17.3,StopSig,18,4.11,nan,1,>Left_Regular_trial,Left,37,52,27,10200061,nan,nan,nan
8/26/2026 16:23:01,1.17.3,StopSig,18,4.11,nan,1,Right_Regular_(correct),Left,37,53,27,10201390,nan,nan,nan
8/26/2026 16:23:02,1.17.3,StopSig,18,4.10,1,1,Pellet,Left,37,53,28,10201390,0.17,30,nan
8/26/2026 16:23:20,1.17.3,StopSig,18,4.11,nan,1,>Left_Regular_trial,Left,38,53,28,10220377,nan,nan,nan
8/26/2026 16:23:22,1.17.3,StopSig,18,4.10,nan,1,Right_Regular_(correct),Left,38,54,28,10222148,nan,nan,nan
8/26/2026 16:23:23,1.17.3,StopSig,18,4.11,1,1,Pellet,Left,38,54,29,10222148,0.35,21,nan
8/26/2026 16:23:46,1.17.3,StopSig,18,4.11,nan,1,>Left_Regular_trial,Left,39,54,29,10246073,nan,nan,nan
8/26/2026 16:23:48,1.17.3,StopSig,18,4.11,nan,1,Right_Regular_(correct),Left,39,55,29,10248430,nan,nan,nan
8/26/2026 16:23:49,1.17.3,StopSig,18,4.11,1,1,Pellet,Left,39,55,30,10248430,0.23,26,nan
8/26/2026 16:24:16,1.17.3,StopSig,18,4.10,nan,1,>Left_Regular_trial,Left,40,55,30,10276231,nan,nan,nan
8/26/2026 16:24:17,1.17.3,StopSig,18,4.11,nan,1,Right_Regular_(correct),Left,40,56,30,10277561,nan,nan,nan
8/26/2026 16:24:18,1.17.3,StopSig,18,4.11,1,1,Pellet,Left,40,56,31,10277561,0.41,29,nan
8/26/2026 16:24:32,1.17.3,StopSig,18,4.11,nan,1,>Left_Regular_trial,Left,41,56,31,10292811,nan,nan,nan
8/26/2026 16:24:36,1.17.3,StopSig,18,4.11,nan,1,NoPoke_Regular_(incorrect),Left,41,56,31,10296339,nan,nan,nan
8/26/2026 16:25:08,1.17.3,StopSig,18,4.09,nan,1,>Left_Regular_trial,Left,42,56,31,10328280,nan,nan,nan
8/26/2026 16:25:10,1.17.3,StopSig,18,4.11,nan,1,Right_Regular_(correct),Left,42,57,31,10330636,nan,nan,nan
8/26/2026 16:25:11,1.17.3,StopSig,18,4.10,1,1,Pellet,Left,42,57,32,10330636,0.41,53,nan
8/26/2026 16:25:33,1.17.3,StopSig,18,4.11,nan,1,>Left_Regular_trial,Left,43,57,32,10353745,nan,nan,nan
8/26/2026 16:25:35,1.17.3,StopSig,18,4.09,nan,1,Right_Regular_(correct),Left,43,58,32,10355224,nan,nan,nan
8/26/2026 16:25:36,1.17.3,StopSig,18,4.11,1,1,Pellet,Left,43,58,33,10355224,0.29,25,nan
8/26/2026 16:26:00,1.17.3,StopSig,18,4.10,nan,1,>Left_Regular_trial,Left,44,58,33,10380911,nan,nan,nan
8/26/2026 16:26:02,1.17.3,StopSig,18,4.11,nan,1,Right_Regular_(correct),Left,44,59,33,10382534,nan,nan,nan
8/26/2026 16:26:03,1.17.3,StopSig,18,4.11,1,1,Pellet,Left,44,59,34,10382534,0.35,27,nan
8/26/2026 16:33:55,1.17.3,StopSig,18,4.11,nan,1,Right_no_left,Left,44,60,34,10382534,nan,nan,nan
8/26/2026 16:33:57,1.17.3,StopSig,18,4.10,nan,1,>Left_Regular_trial,Left,45,60,34,10857481,nan,nan,nan
8/26/2026 16:33:58,1.17.3,StopSig,18,4.11,nan,1,Right_Regular_(correct),Left,45,61,34,10858811,nan,nan,nan
8/26/2026 16:34:03,1.17.3,StopSig,18,4.10,1,1,Pellet,Left,45,61,35,10858811,3.65,480,nan
8/26/2026 16:34:25,1.17.3,StopSig,18,4.11,nan,1,Right_no_left,Left,45,62,35,10858811,nan,nan,nan
8/26/2026 16:34:26,1.17.3,StopSig,18,4.10,nan,1,Right_no_left,Left,45,63,35,10886167,nan,nan,nan
8/26/2026 16:34:28,1.17.3,StopSig,18,4.09,nan,1,>Left_Regular_trial,Left,46,63,35,10888669,nan,nan,nan
8/26/2026 16:34:32,1.17.3,StopSig,18,4.11,nan,1,NoPoke_Regular_(incorrect),Left,46,63,35,10892347,nan,nan,nan
8/26/2026 16:35:49,1.17.3,StopSig,18,4.10,nan,1,Right_no_left,Left,46,64,35,10892347,nan,nan,nan
8/26/2026 16:35:51,1.17.3,StopSig,18,4.11,nan,1,Right_no_left,Left,46,65,35,10969813,nan,nan,nan
8/26/2026 16:35:53,1.17.3,StopSig,18,4.10,nan,1,Right_no_left,Left,46,66,35,10972172,nan,nan,nan
8/26/2026 16:35:54,1.17.3,StopSig,18,4.10,nan,1,Right_no_left,Left,46,67,35,10974089,nan,nan,nan
8/26/2026 16:35:55,1.17.3,StopSig,18,4.10,nan,1,Right_no_left,Left,46,68,35,10974978,nan,nan,nan
8/26/2026 16:35:57,1.17.3,StopSig,18,4.10,nan,1,Right_no_left,Left,46,69,35,10975720,nan,nan,nan
8/26/2026 16:36:01,1.17.3,StopSig,18,4.11,nan,1,>Left_Regular_trial,Left,47,69,35,10981015,nan,nan,nan
8/26/2026 16:36:01,1.17.3,StopSig,18,4.10,nan,1,Right_Regular_(correct),Left,47,70,35,10982058,nan,nan,nan
8/26/2026 16:36:03,1.17.3,StopSig,18,4.11,1,1,Pellet,Left,47,70,36,10982058,0.41,120,nan
8/26/2026 16:36:26,1.17.3,StopSig,18,4.11,nan,1,Right_no_left,Left,47,71,36,10982058,nan,nan,nan
8/26/2026 16:36:29,1.17.3,StopSig,18,4.09,nan,1,>Left_Regular_trial,Left,48,71,36,11009588,nan,nan,nan
8/26/2026 16:36:30,1.17.3,StopSig,18,4.11,nan,1,Right_Regular_(correct),Left,48,72,36,11011064,nan,nan,nan
8/26/2026 16:36:32,1.17.3,StopSig,18,4.11,2,1,Pellet,Left,48,72,37,11011064,0.17,28,nan
8/26/2026 16:36:53,1.17.3,StopSig,18,4.10,nan,1,>Left_Regular_trial,Left,49,72,37,11033697,nan,nan,nan
8/26/2026 16:36:55,1.17.3,StopSig,18,4.11,nan,1,Right_Regular_(correct),Left,49,73,37,11035172,nan,nan,nan
8/26/2026 16:36:56,1.17.3,StopSig,18,4.11,1,1,Pellet,Left,49,73,38,11035172,0.23,24,nan
8/26/2026 16:37:35,1.17.3,StopSig,18,4.11,nan,1,Right_no_left,Left,49,74,38,11035172,nan,nan,nan
8/26/2026 17:33:41,1.17.3,StopSig,18,4.10,nan,1,>Left_Regular_trial,Left,50,74,38,14441604,nan,nan,nan
8/26/2026 17:33:42,1.17.3,StopSig,18,4.09,nan,1,Right_Regular_(correct),Left,50,75,38,14443084,nan,nan,nan
8/26/2026 17:33:44,1.17.3,StopSig,18,4.09,1,1,Pellet,Left,50,75,39,14443084,0.83,3409,nan
8/26/2026 17:34:06,1.17.3,StopSig,18,4.10,nan,1,>Left_Regular_trial,Left,51,75,39,14466327,nan,nan,nan
8/26/2026 17:34:07,1.17.3,StopSig,18,4.09,nan,1,Right_Regular_(correct),Left,51,76,39,14467947,nan,nan,nan
8/26/2026 17:34:08,1.17.3,StopSig,18,4.10,1,1,Pellet,Left,51,76,40,14467947,0.23,24,nan
8/26/2026 17:34:25,1.17.3,StopSig,18,4.09,nan,1,>Left_Regular_trial,Left,52,76,40,14485194,nan,nan,nan
8/26/2026 17:34:28,1.17.3,StopSig,18,4.09,nan,1,NoPoke_Regular_(incorrect),Left,52,76,40,14488574,nan,nan,nan
8/26/2026 17:34:59,1.17.3,StopSig,18,4.10,nan,1,Right_no_left,Left,52,77,40,14488574,nan,nan,nan
8/26/2026 17:35:02,1.17.3,StopSig,18,4.09,nan,1,Right_no_left,Left,52,78,40,14519645,nan,nan,nan
8/26/2026 17:35:03,1.17.3,StopSig,18,4.09,nan,1,Right_no_left,Left,52,79,40,14523317,nan,nan,nan
8/26/2026 17:35:04,1.17.3,StopSig,18,4.09,nan,1,Right_no_left,Left,52,80,40,14524063,nan,nan,nan
8/26/2026 17:35:06,1.17.3,StopSig,18,4.09,nan,1,>Left_Regular_trial,Left,53,80,40,14526419,nan,nan,nan
8/26/2026 17:35:10,1.17.3,StopSig,18,4.09,nan,1,NoPoke_Regular_(incorrect),Left,53,80,40,14530536,nan,nan,nan
8/26/2026 17:35:47,1.17.3,StopSig,18,4.09,nan,1,Right_no_left,Left,53,81,40,14530536,nan,nan,nan
8/26/2026 17:35:52,1.17.3,StopSig,18,4.09,nan,1,Right_no_left,Left,53,82,40,14568364,nan,nan,nan
8/26/2026 17:35:52,1.17.3,StopSig,18,4.09,nan,1,Right_no_left,Left,53,83,40,14572773,nan,nan,nan
8/26/2026 17:35:53,1.17.3,StopSig,18,4.10,nan,1,Right_no_left,Left,53,84,40,14573368,nan,nan,nan
8/26/2026 17:35:53,1.17.3,StopSig,18,4.09,nan,1,Right_no_left,Left,53,85,40,14573816,nan,nan,nan
8/26/2026 17:35:57,1.17.3,StopSig,18,4.09,nan,1,>Left_Stop_trial,Left,54,85,40,14577786,nan,nan,nan
8/26/2026 17:36:01,1.17.3,StopSig,18,4.09,nan,1,NoPoke_STOP_(correct),Left,54,85,40,14581486,nan,nan,nan
8/26/2026 17:36:06,1.17.3,StopSig,18,4.10,3,1,Pellet,Left,54,85,41,14581486,0.47,118,nan
8/26/2026 17:36:38,1.17.3,StopSig,18,4.09,nan,1,>Left_Regular_trial,Left,55,85,41,14618241,nan,nan,nan
8/26/2026 17:36:40,1.17.3,StopSig,18,4.10,nan,1,Right_Regular_(correct),Left,55,86,41,14620595,nan,nan,nan
8/26/2026 17:36:41,1.17.3,StopSig,18,4.10,1,1,Pellet,Left,55,86,42,14620595,0.17,35,nan
8/26/2026 17:37:02,1.17.3,StopSig,18,4.09,nan,1,>Left_Regular_trial,Left,56,86,42,14642374,nan,nan,nan
8/26/2026 17:37:04,1.17.3,StopSig,18,4.09,nan,1,Right_Regular_(correct),Left,56,87,42,14644300,nan,nan,nan
8/26/2026 17:37:05,1.17.3,StopSig,18,4.09,1,1,Pellet,Left,56,87,43,14644300,0.23,23,nan
8/26/2026 17:37:23,1.17.3,StopSig,18,4.09,nan,1,>Left_Stop_trial,Left,57,87,43,14663486,nan,nan,nan
8/26/2026 17:37:27,1.17.3,StopSig,18,4.09,nan,1,NoPoke_STOP_(correct),Left,57,87,43,14667476,nan,nan,nan
8/26/2026 17:37:28,1.17.3,StopSig,18,4.09,1,1,Pellet,Left,57,87,44,14667476,0.35,24,nan
8/26/2026 17:37:48,1.17.3,StopSig,18,4.10,nan,1,>Left_Regular_trial,Left,58,87,44,14688940,nan,nan,nan
8/26/2026 17:37:52,1.17.3,StopSig,18,4.09,nan,1,NoPoke_Regular_(incorrect),Left,58,87,44,14692467,nan,nan,nan
8/26/2026 17:38:27,1.17.3,StopSig,18,4.09,nan,1,Right_no_left,Left,58,88,44,14692467,nan,nan,nan
8/26/2026 17:38:53,1.17.3,StopSig,18,4.10,nan,1,>Left_Regular_trial,Left,59,88,44,14753924,nan,nan,nan
8/26/2026 17:38:54,1.17.3,StopSig,18,4.09,nan,1,Right_Regular_(correct),Left,59,89,44,14754959,nan,nan,nan
8/26/2026 17:38:55,1.17.3,StopSig,18,4.09,1,1,Pellet,Left,59,89,45,14754959,0.23,87,nan
8/26/2026 17:39:18,1.17.3,StopSig,18,4.10,nan,1,>Left_Stop_trial,Left,60,89,45,14778226,nan,nan,nan
8/26/2026 17:39:21,1.17.3,StopSig,18,4.10,nan,1,NoPoke_STOP_(correct),Left,60,89,45,14781487,nan,nan,nan
8/26/2026 17:39:22,1.17.3,StopSig,18,4.09,1,1,Pellet,Left,60,89,46,14781487,0.59,27,nan
8/26/2026 17:48:55,1.17.3,StopSig,18,4.09,nan,1,>Left_Regular_trial,Left,61,89,46,15355402,nan,nan,nan
8/26/2026 17:48:59,1.17.3,StopSig,18,4.09,nan,1,NoPoke_Regular_(incorrect),Left,61,89,46,15359518,nan,nan,nan
8/26/2026 18:21:25,1.17.3,StopSig,18,4.09,nan,1,Right_no_left,Left,61,90,46,15359518,nan,nan,nan
8/26/2026 18:21:50,1.17.3,StopSig,18,4.09,nan,1,Right_no_left,Left,61,91,46,17305943,nan,nan,nan
8/26/2026 18:21:51,1.17.3,StopSig,18,4.09,nan,1,Right_no_left,Left,61,92,46,17331169,nan,nan,nan
8/26/2026 18:21:54,1.17.3,StopSig,18,4.09,nan,1,>Left_Regular_trial,Left,62,92,46,17334403,nan,nan,nan
8/26/2026 18:21:55,1.17.3,StopSig,18,4.09,nan,1,Right_Regular_(correct),Left,62,93,46,17335732,nan,nan,nan
8/26/2026 18:21:56,1.17.3,StopSig,18,4.09,1,1,Pellet,Left,62,93,47,17335732,0.71,2554,nan
8/26/2026 18:22:21,1.17.3,StopSig,18,4.09,nan,1,>Left_Regular_trial,Left,63,93,47,17362197,nan,nan,nan
8/26/2026 18:22:22,1.17.3,StopSig,18,4.09,nan,1,Right_Regular_(correct),Left,63,94,47,17363233,nan,nan,nan
8/26/2026 18:22:23,1.17.3,StopSig,18,4.09,1,1,Pellet,Left,63,94,48,17363233,0.29,27,nan
8/26/2026 18:22:50,1.17.3,StopSig,18,4.09,nan,1,Right_no_left,Left,63,95,48,17363233,nan,nan,nan
8/26/2026 18:22:51,1.17.3,StopSig,18,4.09,nan,1,Right_no_left,Left,63,96,48,17390940,nan,nan,nan
8/26/2026 18:22:52,1.17.3,StopSig,18,4.09,nan,1,Right_no_left,Left,63,97,48,17391683,nan,nan,nan
8/26/2026 18:22:54,1.17.3,StopSig,18,4.09,nan,1,>Left_Stop_trial,Left,64,97,48,17394628,nan,nan,nan
8/26/2026 18:22:58,1.17.3,StopSig,18,4.09,nan,1,NoPoke_STOP_(correct),Left,64,97,48,17398624,nan,nan,nan
8/26/2026 18:23:00,1.17.3,StopSig,18,4.09,1,1,Pellet,Left,64,97,49,17398624,1.01,37,nan
8/26/2026 18:35:47,1.17.3,StopSig,18,4.09,nan,1,>Left_Regular_trial,Left,65,97,49,18167715,nan,nan,nan
8/26/2026 18:35:48,1.17.3,StopSig,18,4.09,nan,1,Right_Regular_(correct),Left,65,98,49,18168897,nan,nan,nan
8/26/2026 18:35:48,1.17.3,StopSig,18,4.09,nan,1,RightDuringDispense,Left,65,99,49,18168897,nan,nan,0.06
8/26/2026 18:35:50,1.17.3,StopSig,18,4.09,1,1,Pellet,Left,65,99,50,18168897,1.13,770,nan
8/26/2026 18:36:14,1.17.3,StopSig,18,4.09,nan,1,Right_no_left,Left,65,100,50,18168897,nan,nan,nan
8/26/2026 18:36:18,1.17.3,StopSig,18,4.09,nan,1,>Left_Regular_trial,Left,66,100,50,18198817,nan,nan,nan
8/26/2026 18:36:19,1.17.3,StopSig,18,4.09,nan,1,Right_Regular_(correct),Left,66,101,50,18199708,nan,nan,nan
8/26/2026 18:36:20,1.17.3,StopSig,18,4.09,1,1,Pellet,Left,66,101,51,18199708,0.23,30,nan
8/26/2026 18:36:43,1.17.3,StopSig,18,4.09,nan,1,>Left_Regular_trial,Left,67,101,51,18223523,nan,nan,nan
8/26/2026 18:36:47,1.17.3,StopSig,18,4.09,nan,1,NoPoke_Regular_(incorrect),Left,67,101,51,18227640,nan,nan,nan
8/26/2026 18:55:15,1.17.3,StopSig,18,4.09,nan,1,>Left_Regular_trial,Left,68,101,51,19336036,nan,nan,nan
8/26/2026 18:55:16,1.17.3,StopSig,18,4.09,nan,1,Right_Regular_(correct),Left,68,102,51,19337072,nan,nan,nan
8/26/2026 18:55:16,1.17.3,StopSig,18,4.08,nan,1,RightDuringDispense,Left,68,103,51,19337072,nan,nan,0.04
8/26/2026 18:55:18,1.17.3,StopSig,18,4.09,1,1,Pellet,Left,68,103,52,19337072,0.47,1138,nan
8/26/2026 18:55:41,1.17.3,StopSig,18,4.09,nan,1,>Left_Regular_trial,Left,69,103,52,19361741,nan,nan,nan
8/26/2026 18:55:42,1.17.3,StopSig,18,4.09,nan,1,Right_Regular_(correct),Left,69,104,52,19363222,nan,nan,nan
8/26/2026 18:55:46,1.17.3,StopSig,18,4.09,2,1,Pellet,Left,69,104,53,19363222,0.47,27,nan
8/26/2026 19:02:29,1.17.3,StopSig,18,4.09,nan,1,>Left_Regular_trial,Left,70,104,53,19769564,nan,nan,nan
8/26/2026 19:02:33,1.17.3,StopSig,18,4.09,nan,1,NoPoke_Regular_(incorrect),Left,70,104,53,19773684,nan,nan,nan
8/26/2026 19:09:42,1.17.3,StopSig,18,4.09,nan,1,>Left_Regular_trial,Left,71,104,53,20202946,nan,nan,nan
8/26/2026 19:09:46,1.17.3,StopSig,18,4.09,nan,1,NoPoke_Regular_(incorrect),Left,71,104,53,20206772,nan,nan,nan
8/26/2026 19:12:04,1.17.3,StopSig,18,4.09,nan,1,>Left_Regular_trial,Left,72,104,53,20345244,nan,nan,nan
8/26/2026 19:12:08,1.17.3,StopSig,18,4.09,nan,1,NoPoke_Regular_(incorrect),Left,72,104,53,20348774,nan,nan,nan
8/26/2026 19:14:08,1.17.3,StopSig,18,4.09,nan,1,>Left_Regular_trial,Left,73,104,53,20468890,nan,nan,nan
8/26/2026 19:14:12,1.17.3,StopSig,18,4.09,nan,1,NoPoke_Regular_(incorrect),Left,73,104,53,20472713,nan,nan,nan
8/26/2026 19:16:54,1.17.3,StopSig,18,4.09,nan,1,Right_no_left,Left,73,105,53,20472713,nan,nan,nan
8/26/2026 19:16:55,1.17.3,StopSig,18,4.08,nan,1,Right_no_left,Left,73,106,53,20634948,nan,nan,nan
8/26/2026 19:16:56,1.17.3,StopSig,18,4.09,nan,1,Right_no_left,Left,73,107,53,20635837,nan,nan,nan
8/26/2026 19:16:58,1.17.3,StopSig,18,4.09,nan,1,Right_no_left,Left,73,108,53,20637607,nan,nan,nan
8/26/2026 19:17:17,1.17.3,StopSig,18,4.09,nan,1,>Left_Regular_trial,Left,74,108,53,20657866,nan,nan,nan
8/26/2026 19:17:21,1.17.3,StopSig,18,4.09,nan,1,NoPoke_Regular_(incorrect),Left,74,108,53,20661838,nan,nan,nan
8/26/2026 19:18:32,1.17.3,StopSig,18,4.09,nan,1,>Left_Regular_trial,Left,75,108,53,20732385,nan,nan,nan
8/26/2026 19:18:33,1.17.3,StopSig,18,4.08,nan,1,Right_Regular_(correct),Left,75,109,53,20733716,nan,nan,nan
8/26/2026 19:18:34,1.17.3,StopSig,18,4.09,1,1,Pellet,Left,75,109,54,20733716,0.47,1369,nan
8/26/2026 19:19:09,1.17.3,StopSig,18,4.09,nan,1,>Left_Regular_trial,Left,76,109,54,20769616,nan,nan,nan
8/26/2026 19:19:13,1.17.3,StopSig,18,4.09,nan,1,NoPoke_Regular_(incorrect),Left,76,109,54,20773734,nan,nan,nan
8/26/2026 19:22:11,1.17.3,StopSig,18,4.08,nan,1,>Left_Regular_trial,Left,77,109,54,20951615,nan,nan,nan
8/26/2026 19:22:15,1.17.3,StopSig,18,4.09,nan,1,NoPoke_Regular_(incorrect),Left,77,109,54,20955733,nan,nan,nan
8/26/2026 19:24:35,1.17.3,StopSig,18,4.08,nan,1,>Left_Regular_trial,Left,78,109,54,21095990,nan,nan,nan
8/26/2026 19:24:37,1.17.3,StopSig,18,4.09,nan,1,Right_Regular_(correct),Left,78,110,54,21098204,nan,nan,nan
8/26/2026 19:24:39,1.17.3,StopSig,18,4.08,1,1,Pellet,Left,78,110,55,21098204,0.65,364,nan
8/26/2026 19:25:02,1.17.3,StopSig,18,4.09,nan,1,>Left_Regular_trial,Left,79,110,55,21122437,nan,nan,nan
8/26/2026 19:25:02,1.17.3,StopSig,18,4.09,nan,1,Right_Regular_(correct),Left,79,111,55,21123179,nan,nan,nan
8/26/2026 19:25:03,1.17.3,StopSig,18,4.08,1,1,Pellet,Left,79,111,56,21123179,0.41,25,nan
8/26/2026 19:28:01,1.17.3,StopSig,18,4.09,nan,1,>Left_Regular_trial,Left,80,111,56,21302330,nan,nan,nan
8/26/2026 19:28:05,1.17.3,StopSig,18,4.09,nan,1,NoPoke_Regular_(incorrect),Left,80,111,56,21305863,nan,nan,nan
8/26/2026 19:28:56,1.17.3,StopSig,18,4.08,nan,1,>Left_Regular_trial,Left,81,111,56,21356748,nan,nan,nan
8/26/2026 19:29:00,1.17.3,StopSig,18,4.08,nan,1,NoPoke_Regular_(incorrect),Left,81,111,56,21360864,nan,nan,nan
8/26/2026 19:29:46,1.17.3,StopSig,18,4.09,nan,1,>Left_Regular_trial,Left,82,111,56,21406888,nan,nan,nan
8/26/2026 19:29:50,1.17.3,StopSig,18,4.09,nan,1,NoPoke_Regular_(incorrect),Left,82,111,56,21410862,nan,nan,nan
8/26/2026 19:31:59,1.17.3,StopSig,18,4.08,nan,1,>Left_Regular_trial,Left,83,111,56,21539782,nan,nan,nan
8/26/2026 19:32:00,1.17.3,StopSig,18,4.08,nan,1,Right_Regular_(correct),Left,83,112,56,21541258,nan,nan,nan
8/26/2026 19:32:02,1.17.3,StopSig,18,4.09,1,1,Pellet,Left,83,112,57,21541258,0.95,419,nan
8/26/2026 19:36:25,1.17.3,StopSig,18,4.08,nan,1,>Left_Regular_trial,Left,84,112,57,21805599,nan,nan,nan
8/26/2026 19:36:26,1.17.3,StopSig,18,4.09,nan,1,Right_Regular_(correct),Left,84,113,57,21806638,nan,nan,nan
8/26/2026 19:36:27,1.17.3,StopSig,18,4.08,1,1,Pellet,Left,84,113,58,21806638,0.41,265,nan
8/26/2026 19:36:41,1.17.3,StopSig,18,4.09,nan,1,>Left_Regular_trial,Left,85,113,58,21821913,nan,nan,nan
8/26/2026 19:36:42,1.17.3,StopSig,18,4.08,nan,1,Right_Regular_(correct),Left,85,114,58,21822656,nan,nan,nan
8/26/2026 19:36:43,1.17.3,StopSig,18,4.09,1,1,Pellet,Left,85,114,59,21822656,0.47,16,nan
8/26/2026 19:36:59,1.17.3,StopSig,18,4.09,nan,1,>Left_Regular_trial,Left,86,114,59,21839614,nan,nan,nan
8/26/2026 19:36:59,1.17.3,StopSig,18,4.08,nan,1,Right_Regular_(correct),Left,86,115,59,21840503,nan,nan,nan
8/26/2026 19:37:00,1.17.3,StopSig,18,4.08,1,1,Pellet,Left,86,115,60,21840503,0.23,17,nan
8/26/2026 19:37:18,1.17.3,StopSig,18,4.09,nan,1,>Left_Regular_trial,Left,87,115,60,21859240,nan,nan,nan
8/26/2026 19:37:19,1.17.3,StopSig,18,4.09,nan,1,Right_Regular_(correct),Left,87,116,60,21859983,nan,nan,nan
8/26/2026 19:37:20,1.17.3,StopSig,18,4.09,1,1,Pellet,Left,87,116,61,21859983,0.35,20,nan
8/26/2026 19:37:37,1.17.3,StopSig,18,4.09,nan,1,>Left_Stop_trial,Left,88,116,61,21877962,nan,nan,nan
8/26/2026 19:37:41,1.17.3,StopSig,18,4.08,nan,1,NoPoke_STOP_(correct),Left,88,116,61,21881811,nan,nan,nan
8/26/2026 19:37:42,1.17.3,StopSig,18,4.09,1,1,Pellet,Left,88,116,62,21881811,0.23,22,nan
8/26/2026 19:38:02,1.17.3,StopSig,18,4.07,nan,1,>Left_Regular_trial,Left,89,116,62,21902460,nan,nan,nan
8/26/2026 19:38:05,1.17.3,StopSig,18,4.08,nan,1,NoPoke_Regular_(incorrect),Left,89,116,62,21905852,nan,nan,nan
8/26/2026 19:40:17,1.17.3,StopSig,18,4.08,nan,1,>Left_Regular_trial,Left,90,116,62,22037718,nan,nan,nan
8/26/2026 19:40:21,1.17.3,StopSig,18,4.08,nan,1,NoPoke_Regular_(incorrect),Left,90,116,62,22041838,nan,nan,nan
8/26/2026 19:42:27,1.17.3,StopSig,18,4.08,nan,1,>Left_Regular_trial,Left,91,116,62,22168160,nan,nan,nan
8/26/2026 19:42:29,1.17.3,StopSig,18,4.09,nan,1,Right_Regular_(correct),Left,91,117,62,22169784,nan,nan,nan
8/26/2026 19:42:30,1.17.3,StopSig,18,4.08,1,1,Pellet,Left,91,117,63,22169784,1.01,288,nan
8/26/2026 19:46:20,1.17.3,StopSig,18,4.08,nan,1,>Left_Regular_trial,Left,92,117,63,22401294,nan,nan,nan
8/26/2026 19:46:24,1.17.3,StopSig,18,4.08,nan,1,NoPoke_Regular_(incorrect),Left,92,117,63,22404825,nan,nan,nan
8/26/2026 19:49:37,1.17.3,StopSig,18,4.08,nan,1,>Left_Regular_trial,Left,93,117,63,22598336,nan,nan,nan
8/26/2026 19:49:39,1.17.3,StopSig,18,4.09,nan,1,Right_Regular_(correct),Left,93,118,63,22599812,nan,nan,nan
8/26/2026 19:49:41,1.17.3,StopSig,18,4.08,2,1,Pellet,Left,93,118,64,22599812,1.13,431,nan
8/26/2026 19:51:41,1.17.3,StopSig,18,4.09,nan,1,>Left_Stop_trial,Left,94,118,64,22722086,nan,nan,nan
8/26/2026 19:51:45,1.17.3,StopSig,18,4.09,nan,1,NoPoke_STOP_(correct),Left,94,118,64,22725786,nan,nan,nan
8/26/2026 19:51:46,1.17.3,StopSig,18,4.09,1,1,Pellet,Left,94,118,65,22725786,0.59,125,nan
8/26/2026 19:56:53,1.17.3,StopSig,18,4.07,nan,1,>Left_Regular_trial,Left,95,118,65,23034375,nan,nan,nan
8/26/2026 19:56:57,1.17.3,StopSig,18,4.08,nan,1,NoPoke_Regular_(incorrect),Left,95,118,65,23037919,nan,nan,nan
8/26/2026 19:57:43,1.17.3,StopSig,18,4.09,nan,1,>Left_Stop_trial,Left,96,118,65,23083962,nan,nan,nan
8/26/2026 19:57:47,1.17.3,StopSig,18,4.08,nan,1,NoPoke_STOP_(correct),Left,96,118,65,23087813,nan,nan,nan
8/26/2026 19:57:48,1.17.3,StopSig,18,4.08,1,1,Pellet,Left,96,118,66,23087813,0.77,362,nan
8/26/2026 19:58:08,1.17.3,StopSig,18,4.08,nan,1,>Left_Regular_trial,Left,97,118,66,23108971,nan,nan,nan
8/26/2026 19:58:09,1.17.3,StopSig,18,4.07,nan,1,Right_Regular_(correct),Left,97,119,66,23109724,nan,nan,nan
8/26/2026 19:58:11,1.17.3,StopSig,18,4.07,1,1,Pellet,Left,97,119,67,23109724,1.91,23,nan
8/26/2026 19:58:35,1.17.3,StopSig,18,4.08,nan,1,>Left_Stop_trial,Left,98,119,67,23135599,nan,nan,nan
8/26/2026 19:58:38,1.17.3,StopSig,18,4.08,nan,1,NoPoke_STOP_(correct),Left,98,119,67,23138864,nan,nan,nan
8/26/2026 19:58:41,1.17.3,StopSig,18,4.08,2,1,Pellet,Left,98,119,68,23138864,0.47,30,nan
8/26/2026 20:01:53,1.17.3,StopSig,18,4.08,nan,1,>Left_Regular_trial,Left,99,119,68,23334334,nan,nan,nan
8/26/2026 20:01:57,1.17.3,StopSig,18,4.08,nan,1,NoPoke_Regular_(incorrect),Left,99,119,68,23337870,nan,nan,nan
8/26/2026 20:05:26,1.17.3,StopSig,18,4.08,nan,1,>Left_Regular_trial,Left,100,119,68,23546535,nan,nan,nan
8/26/2026 20:05:29,1.17.3,StopSig,18,4.08,nan,1,NoPoke_Regular_(incorrect),Left,100,119,68,23549930,nan,nan,nan
8/26/2026 20:06:00,1.17.3,StopSig,18,4.07,nan,1,>Left_Regular_trial,Left,101,119,68,23580556,nan,nan,nan
8/26/2026 20:06:03,1.17.3,StopSig,18,4.08,nan,1,NoPoke_Regular_(incorrect),Left,101,119,68,23583952,nan,nan,nan
8/26/2026 20:06:52,1.17.3,StopSig,18,4.08,nan,1,>Left_Regular_trial,Left,102,119,68,23632669,nan,nan,nan
8/26/2026 20:06:53,1.17.3,StopSig,18,4.08,nan,1,Right_Regular_(correct),Left,102,120,68,23634004,nan,nan,nan
8/26/2026 20:06:54,1.17.3,StopSig,18,4.07,1,1,Pellet,Left,102,120,69,23634004,0.47,493,nan
8/26/2026 20:07:12,1.17.3,StopSig,18,4.08,nan,1,>Left_Stop_trial,Left,103,120,69,23652882,nan,nan,nan
8/26/2026 20:07:16,1.17.3,StopSig,18,4.08,nan,1,NoPoke_STOP_(correct),Left,103,120,69,23656893,nan,nan,nan
8/26/2026 20:07:17,1.17.3,StopSig,18,4.08,1,1,Pellet,Left,103,120,70,23656893,0.35,23,nan
8/26/2026 20:08:26,1.17.3,StopSig,18,4.09,nan,1,Right_no_left,Left,103,121,70,23656893,nan,nan,nan
8/26/2026 20:08:27,1.17.3,StopSig,18,4.08,nan,1,Right_no_left,Left,103,122,70,23727736,nan,nan,nan
8/26/2026 20:08:48,1.17.3,StopSig,18,4.08,nan,1,>Left_Regular_trial,Left,104,122,70,23748501,nan,nan,nan
8/26/2026 20:08:51,1.17.3,StopSig,18,4.08,nan,1,NoPoke_Regular_(incorrect),Left,104,122,70,23751907,nan,nan,nan
8/26/2026 20:16:30,1.17.3,StopSig,18,4.09,nan,1,>Left_Regular_trial,Left,105,122,70,24210536,nan,nan,nan
8/26/2026 20:16:30,1.17.3,StopSig,18,4.08,nan,1,Right_Regular_(correct),Left,105,123,70,24211281,nan,nan,nan
8/26/2026 20:16:30,1.17.3,StopSig,18,4.08,nan,1,RightDuringDispense,Left,105,124,70,24211281,nan,nan,0.04
8/26/2026 20:16:32,1.17.3,StopSig,18,4.08,1,1,Pellet,Left,105,124,71,24211281,0.47,555,nan
8/26/2026 20:16:56,1.17.3,StopSig,18,4.08,nan,1,>Left_Stop_trial,Left,106,124,71,24236575,nan,nan,nan
8/26/2026 20:16:59,1.17.3,StopSig,18,4.08,nan,1,NoPoke_STOP_(correct),Left,106,124,71,24239842,nan,nan,nan
8/26/2026 20:17:00,1.17.3,StopSig,18,4.09,1,1,Pellet,Left,106,124,72,24239842,0.29,28,nan
8/26/2026 20:17:34,1.17.3,StopSig,18,4.08,nan,1,>Left_Regular_trial,Left,107,124,72,24275248,nan,nan,nan
8/26/2026 20:17:35,1.17.3,StopSig,18,4.08,nan,1,Right_Regular_(correct),Left,107,125,72,24276143,nan,nan,nan
8/26/2026 20:17:35,1.17.3,StopSig,18,4.08,nan,1,RightDuringDispense,Left,107,126,72,24276143,nan,nan,0.02
8/26/2026 20:17:39,1.17.3,StopSig,18,4.07,1,1,Pellet,Left,107,126,73,24276143,2.51,39,nan
8/26/2026 20:18:00,1.17.3,StopSig,18,4.07,nan,1,>Left_Regular_trial,Left,108,126,73,24301453,nan,nan,nan
8/26/2026 20:18:01,1.17.3,StopSig,18,4.07,nan,1,Right_Regular_(correct),Left,108,127,73,24302345,nan,nan,nan
8/26/2026 20:18:02,1.17.3,StopSig,18,4.08,1,1,Pellet,Left,108,127,74,24302345,0.47,23,nan
8/26/2026 20:27:45,1.17.3,StopSig,18,4.08,nan,1,>Left_Stop_trial,Left,109,127,74,24885601,nan,nan,nan
8/26/2026 20:27:48,1.17.3,StopSig,18,4.08,nan,1,NoPoke_STOP_(correct),Left,109,127,74,24888869,nan,nan,nan
8/26/2026 20:27:50,1.17.3,StopSig,18,4.08,1,1,Pellet,Left,109,127,75,24888869,1.55,588,nan
8/26/2026 20:30:05,1.17.3,StopSig,18,4.08,nan,1,>Left_Regular_trial,Left,110,127,75,25025968,nan,nan,nan
8/26/2026 20:30:09,1.17.3,StopSig,18,4.08,nan,1,NoPoke_Regular_(incorrect),Left,110,127,75,25029949,nan,nan,nan
8/26/2026 20:30:44,1.17.3,StopSig,18,4.08,nan,1,>Left_Regular_trial,Left,111,127,75,25064542,nan,nan,nan
8/26/2026 20:30:47,1.17.3,StopSig,18,4.08,nan,1,NoPoke_Regular_(incorrect),Left,111,127,75,25067930,nan,nan,nan
8/26/2026 20:35:10,1.17.3,StopSig,18,4.08,nan,1,>Left_Stop_trial,Left,112,127,75,25331109,nan,nan,nan
8/26/2026 20:35:14,1.17.3,StopSig,18,4.07,nan,1,NoPoke_STOP_(correct),Left,112,127,75,25334964,nan,nan,nan
8/26/2026 20:35:16,1.17.3,StopSig,18,4.08,1,1,Pellet,Left,112,127,76,25334964,1.07,446,nan
8/26/2026 20:37:51,1.17.3,StopSig,18,4.08,nan,1,>Left_Stop_trial,Left,113,127,76,25491750,nan,nan,nan
8/26/2026 20:37:55,1.17.3,StopSig,18,4.08,nan,1,NoPoke_STOP_(correct),Left,113,127,76,25495899,nan,nan,nan
8/26/2026 20:37:56,1.17.3,StopSig,18,4.08,1,1,Pellet,Left,113,127,77,25495899,0.59,160,nan
8/26/2026 20:38:58,1.17.3,StopSig,18,4.07,nan,1,Right_no_left,Left,113,128,77,25495899,nan,nan,nan
8/26/2026 20:39:11,1.17.3,StopSig,18,4.08,nan,1,>Left_Regular_trial,Left,114,128,77,25572334,nan,nan,nan
8/26/2026 20:39:15,1.17.3,StopSig,18,4.08,nan,1,NoPoke_Regular_(incorrect),Left,114,128,77,25576018,nan,nan,nan
8/26/2026 20:41:22,1.17.3,StopSig,18,4.07,nan,1,>Left_Stop_trial,Left,115,128,77,25702424,nan,nan,nan
8/26/2026 20:41:25,1.17.3,StopSig,18,4.08,nan,1,NoPoke_STOP_(correct),Left,115,128,77,25705983,nan,nan,nan
8/26/2026 20:41:27,1.17.3,StopSig,18,4.08,1,1,Pellet,Left,115,128,78,25705983,1.55,211,nan
8/26/2026 20:41:49,1.17.3,StopSig,18,4.08,nan,1,>Left_Regular_trial,Left,116,128,78,25730161,nan,nan,nan
8/26/2026 20:41:50,1.17.3,StopSig,18,4.08,nan,1,Right_Regular_(correct),Left,116,129,78,25731054,nan,nan,nan
8/26/2026 20:41:51,1.17.3,StopSig,18,4.08,1,1,Pellet,Left,116,129,79,25731054,0.29,24,nan
8/26/2026 20:42:08,1.17.3,StopSig,18,4.08,nan,1,>Left_Regular_trial,Left,117,129,79,25749313,nan,nan,nan
8/26/2026 20:42:12,1.17.3,StopSig,18,4.07,nan,1,NoPoke_Regular_(incorrect),Left,117,129,79,25752998,nan,nan,nan
8/26/2026 20:43:43,1.17.3,StopSig,18,4.07,nan,1,>Left_Regular_trial,Left,118,129,79,25844017,nan,nan,nan
8/26/2026 20:43:47,1.17.3,StopSig,18,4.07,nan,1,NoPoke_Regular_(incorrect),Left,118,129,79,25847997,nan,nan,nan
8/26/2026 20:44:45,1.17.3,StopSig,18,4.08,nan,1,>Left_Regular_trial,Left,119,129,79,25905671,nan,nan,nan
8/26/2026 20:44:46,1.17.3,StopSig,18,4.07,nan,1,Right_Regular_(correct),Left,119,130,79,25907444,nan,nan,nan
8/26/2026 20:44:48,1.17.3,StopSig,18,4.08,1,1,Pellet,Left,119,130,80,25907444,1.31,177,nan
8/26/2026 20:45:09,1.17.3,StopSig,18,4.07,nan,1,>Left_Regular_trial,Left,120,130,80,25930556,nan,nan,nan
8/26/2026 20:45:10,1.17.3,StopSig,18,4.08,nan,1,Right_Regular_(correct),Left,120,131,80,25931449,nan,nan,nan
8/26/2026 20:45:12,1.17.3,StopSig,18,4.07,1,1,Pellet,Left,120,131,81,25931449,0.59,23,nan
8/26/2026 20:45:34,1.17.3,StopSig,18,4.07,nan,1,>Left_Regular_trial,Left,121,131,81,25954663,nan,nan,nan
8/26/2026 20:45:37,1.17.3,StopSig,18,4.08,nan,1,NoPoke_Regular_(incorrect),Left,121,131,81,25958051,nan,nan,nan
8/26/2026 20:46:44,1.17.3,StopSig,18,4.07,nan,1,>Left_Stop_trial,Left,122,131,81,26024959,nan,nan,nan
8/26/2026 20:46:48,1.17.3,StopSig,18,4.07,nan,1,NoPoke_STOP_(correct),Left,122,131,81,26028970,nan,nan,nan
8/26/2026 20:46:49,1.17.3,StopSig,18,4.07,1,1,Pellet,Left,122,131,82,26028970,0.83,98,nan
8/26/2026 20:47:13,1.17.3,StopSig,18,4.07,nan,1,>Left_Stop_trial,Left,123,131,82,26053523,nan,nan,nan
8/26/2026 20:47:16,1.17.3,StopSig,18,4.08,nan,1,NoPoke_STOP_(correct),Left,123,131,82,26056939,nan,nan,nan
8/26/2026 20:47:17,1.17.3,StopSig,18,4.07,1,1,Pellet,Left,123,131,83,26056939,0.35,28,nan
8/26/2026 20:47:52,1.17.3,StopSig,18,4.08,nan,1,>Left_Regular_trial,Left,124,131,83,26093339,nan,nan,nan
8/26/2026 20:47:55,1.17.3,StopSig,18,4.08,nan,1,Right_Regular_(correct),Left,124,132,83,26095848,nan,nan,nan
8/26/2026 20:47:57,1.17.3,StopSig,18,4.08,1,1,Pellet,Left,124,132,84,26095848,1.07,39,nan
8/26/2026 20:49:31,1.17.3,StopSig,18,4.08,nan,1,>Left_Regular_trial,Left,125,132,84,26192366,nan,nan,nan
8/26/2026 20:49:35,1.17.3,StopSig,18,4.07,nan,1,NoPoke_Regular_(incorrect),Left,125,132,84,26196059,nan,nan,nan
8/26/2026 20:54:01,1.17.3,StopSig,18,4.07,nan,1,Right_no_left,Left,125,133,84,26196059,nan,nan,nan
8/26/2026 20:59:14,1.17.3,StopSig,18,4.07,nan,1,>Left_Stop_trial,Left,126,133,84,26774688,nan,nan,nan
8/26/2026 20:59:17,1.17.3,StopSig,18,4.08,nan,1,NoPoke_STOP_(correct),Left,126,133,84,26777961,nan,nan,nan
8/26/2026 20:59:18,1.17.3,StopSig,18,4.07,1,1,Pellet,Left,126,133,85,26777961,0.59,682,nan
8/26/2026 20:59:41,1.17.3,StopSig,18,4.08,nan,1,>Left_Regular_trial,Left,127,133,85,26802053,nan,nan,nan
8/26/2026 20:59:42,1.17.3,StopSig,18,4.08,nan,1,Right_Regular_(correct),Left,127,134,85,26802799,nan,nan,nan
8/26/2026 20:59:43,1.17.3,StopSig,18,4.08,1,1,Pellet,Left,127,134,86,26802799,0.41,25,nan
8/26/2026 21:01:43,1.17.3,StopSig,18,4.08,nan,1,>Left_Regular_trial,Left,128,134,86,26924258,nan,nan,nan
8/26/2026 21:01:47,1.17.3,StopSig,18,4.08,nan,1,NoPoke_Regular_(incorrect),Left,128,134,86,26928092,nan,nan,nan
8/26/2026 21:02:21,1.17.3,StopSig,18,4.08,nan,1,>Left_Regular_trial,Left,129,134,86,26961810,nan,nan,nan
8/26/2026 21:02:25,1.17.3,StopSig,18,4.07,nan,1,NoPoke_Regular_(incorrect),Left,129,134,86,26966087,nan,nan,nan
8/26/2026 21:04:24,1.17.3,StopSig,18,4.07,nan,1,Right_no_left,Left,129,135,86,26966087,nan,nan,nan
8/26/2026 21:04:25,1.17.3,StopSig,18,4.08,nan,1,Right_no_left,Left,129,136,86,27085869,nan,nan,nan
8/26/2026 21:04:26,1.17.3,StopSig,18,4.07,nan,1,Right_no_left,Left,129,137,86,27086468,nan,nan,nan
8/26/2026 21:04:26,1.17.3,StopSig,18,4.07,nan,1,Right_no_left,Left,129,138,86,27087070,nan,nan,nan
8/26/2026 21:04:27,1.17.3,StopSig,18,4.07,nan,1,Right_no_left,Left,129,139,86,27087817,nan,nan,nan
8/26/2026 21:04:28,1.17.3,StopSig,18,4.07,nan,1,Right_no_left,Left,129,140,86,27088130,nan,nan,nan
8/26/2026 21:04:30,1.17.3,StopSig,18,4.07,nan,1,Right_no_left,Left,129,141,86,27089467,nan,nan,nan
8/26/2026 21:04:31,1.17.3,StopSig,18,4.08,nan,1,Right_no_left,Left,129,142,86,27091390,nan,nan,nan
8/26/2026 21:04:36,1.17.3,StopSig,18,4.07,nan,1,Right_no_left,Left,129,143,86,27092139,nan,nan,nan
8/26/2026 21:04:36,1.17.3,StopSig,18,4.08,nan,1,Right_no_left,Left,129,144,86,27097003,nan,nan,nan
8/26/2026 21:04:38,1.17.3,StopSig,18,4.07,nan,1,Right_no_left,Left,129,145,86,27097749,nan,nan,nan
8/26/2026 21:04:40,1.17.3,StopSig,18,4.07,nan,1,Right_no_left,Left,129,146,86,27099376,nan,nan,nan
8/26/2026 21:07:15,1.17.3,StopSig,18,4.07,nan,1,>Left_Stop_trial,Left,130,146,86,27256107,nan,nan,nan
8/26/2026 21:07:19,1.17.3,StopSig,18,4.07,nan,1,NoPoke_STOP_(correct),Left,130,146,86,27259969,nan,nan,nan
8/26/2026 21:07:20,1.17.3,StopSig,18,4.08,1,1,Pellet,Left,130,146,87,27259969,0.41,457,nan
8/26/2026 21:20:54,1.17.3,StopSig,18,4.07,nan,1,Right_no_left,Left,130,147,87,27259969,nan,nan,nan
8/26/2026 21:20:57,1.17.3,StopSig,18,4.07,nan,1,Right_no_left,Left,130,148,87,28075338,nan,nan,nan
8/26/2026 21:20:58,1.17.3,StopSig,18,4.07,nan,1,Right_no_left,Left,130,149,87,28078581,nan,nan,nan
8/26/2026 21:21:03,1.17.3,StopSig,18,4.07,nan,1,Right_no_left,Left,130,150,87,28079771,nan,nan,nan
8/26/2026 21:21:06,1.17.3,StopSig,18,4.07,nan,1,>Left_Stop_trial,Left,131,150,87,28086393,nan,nan,nan
8/26/2026 21:21:09,1.17.3,StopSig,18,4.07,nan,1,NoPoke_STOP_(correct),Left,131,150,87,28090099,nan,nan,nan
8/26/2026 21:21:11,1.17.3,StopSig,18,4.07,1,1,Pellet,Left,131,150,88,28090099,1.37,831,nan
8/26/2026 21:21:29,1.17.3,StopSig,18,4.07,nan,1,>Left_Stop_trial,Left,132,150,88,28109541,nan,nan,nan
8/26/2026 21:21:29,1.17.3,StopSig,18,4.07,nan,1,Right_STOP_(incorrect),Left,132,151,88,28110148,nan,nan,nan
8/26/2026 21:22:00,1.17.3,StopSig,18,4.07,nan,1,>Left_Stop_trial,Left,133,151,88,28140479,nan,nan,nan
8/26/2026 21:22:03,1.17.3,StopSig,18,4.07,nan,1,NoPoke_STOP_(correct),Left,133,151,88,28144042,nan,nan,nan
8/26/2026 21:22:04,1.17.3,StopSig,18,4.07,1,1,Pellet,Left,133,151,89,28144042,0.35,53,nan
8/26/2026 21:22:29,1.17.3,StopSig,18,4.07,nan,1,>Left_Stop_trial,Left,134,151,89,28169574,nan,nan,nan
8/26/2026 21:22:32,1.17.3,StopSig,18,4.07,nan,1,NoPoke_STOP_(correct),Left,134,151,89,28173138,nan,nan,nan
8/26/2026 21:22:33,1.17.3,StopSig,18,4.07,1,1,Pellet,Left,134,151,90,28173138,0.23,29,nan
8/26/2026 21:22:52,1.17.3,StopSig,18,4.07,nan,1,>Left_Stop_trial,Left,135,151,90,28193107,nan,nan,nan
8/26/2026 21:22:53,1.17.3,StopSig,18,4.07,nan,1,Right_STOP_(incorrect),Left,135,152,90,28194010,nan,nan,nan
8/26/2026 21:23:25,1.17.3,StopSig,18,4.08,nan,1,>Left_Stop_trial,Left,136,152,90,28225371,nan,nan,nan
8/26/2026 21:23:28,1.17.3,StopSig,18,4.07,nan,1,NoPoke_STOP_(correct),Left,136,152,90,28229086,nan,nan,nan
8/26/2026 21:23:29,1.17.3,StopSig,18,4.07,1,1,Pellet,Left,136,152,91,28229086,0.23,56,nan
8/26/2026 21:23:47,1.17.3,StopSig,18,4.07,nan,1,>Left_Stop_trial,Left,137,152,91,28248267,nan,nan,nan
8/26/2026 21:23:51,1.17.3,StopSig,18,4.07,nan,1,NoPoke_STOP_(correct),Left,137,152,91,28252122,nan,nan,nan
8/26/2026 21:24:04,1.17.3,StopSig,18,4.08,2,1,Pellet,Left,137,152,92,28252122,9.95,35,nan
8/26/2026 21:24:33,1.17.3,StopSig,18,4.07,nan,1,>Left_Regular_trial,Left,138,152,92,28293878,nan,nan,nan
8/26/2026 21:24:37,1.17.3,StopSig,18,4.07,nan,1,NoPoke_Regular_(incorrect),Left,138,152,92,28298008,nan,nan,nan
8/26/2026 21:44:56,1.17.3,StopSig,18,4.07,nan,1,>Left_Regular_trial,Left,139,152,92,29517476,nan,nan,nan
8/26/2026 21:44:57,1.17.3,StopSig,18,4.07,nan,1,Right_Regular_(correct),Left,139,153,92,29518662,nan,nan,nan
8/26/2026 21:45:00,1.17.3,StopSig,18,4.07,1,1,Pellet,Left,139,153,93,29518662,2.09,1256,nan
8/26/2026 21:45:22,1.17.3,StopSig,18,4.07,nan,1,>Left_Stop_trial,Left,140,153,93,29542476,nan,nan,nan
8/26/2026 21:45:25,1.17.3,StopSig,18,4.07,nan,1,NoPoke_STOP_(correct),Left,140,153,93,29546187,nan,nan,nan
8/26/2026 21:45:27,1.17.3,StopSig,18,4.07,1,1,Pellet,Left,140,153,94,29546187,1.07,27,nan
8/26/2026 21:45:52,1.17.3,StopSig,18,4.07,nan,1,>Left_Regular_trial,Left,141,153,94,29573515,nan,nan,nan
8/26/2026 21:45:53,1.17.3,StopSig,18,4.07,nan,1,Right_Regular_(correct),Left,141,154,94,29574848,nan,nan,nan
8/26/2026 21:45:56,1.17.3,StopSig,18,4.07,1,1,Pellet,Left,141,154,95,29574848,1.61,29,nan
8/26/2026 21:46:16,1.17.3,StopSig,18,4.07,nan,1,Right_no_left,Left,141,155,95,29574848,nan,nan,nan
8/26/2026 21:46:19,1.17.3,StopSig,18,4.07,nan,1,Right_no_left,Left,141,156,95,29597213,nan,nan,nan
8/26/2026 21:46:27,1.17.3,StopSig,18,4.07,nan,1,>Left_Regular_trial,Left,142,156,95,29608684,nan,nan,nan
8/26/2026 21:46:28,1.17.3,StopSig,18,4.07,nan,1,Right_Regular_(correct),Left,142,157,95,29609430,nan,nan,nan
8/26/2026 21:46:29,1.17.3,StopSig,18,4.07,1,1,Pellet,Left,142,157,96,29609430,0.29,33,nan
8/26/2026 21:46:51,1.17.3,StopSig,18,4.07,nan,1,>Left_Stop_trial,Left,143,157,96,29631655,nan,nan,nan
8/26/2026 21:46:51,1.17.3,StopSig,18,4.07,nan,1,Right_STOP_(incorrect),Left,143,158,96,29632416,nan,nan,nan
8/26/2026 21:47:22,1.17.3,StopSig,18,4.07,nan,1,>Left_Stop_trial,Left,144,158,96,29662748,nan,nan,nan
8/26/2026 21:47:25,1.17.3,StopSig,18,4.07,nan,1,NoPoke_STOP_(correct),Left,144,158,96,29666163,nan,nan,nan
8/26/2026 21:47:26,1.17.3,StopSig,18,4.07,1,1,Pellet,Left,144,158,97,29666163,0.77,57,nan
8/26/2026 22:17:40,1.17.3,StopSig,18,4.07,nan,1,>Left_Stop_trial,Left,145,158,97,31480787,nan,nan,nan
8/26/2026 22:17:43,1.17.3,StopSig,18,4.07,nan,1,NoPoke_STOP_(correct),Left,145,158,97,31484202,nan,nan,nan
8/26/2026 22:17:46,1.17.3,StopSig,18,4.06,2,1,Pellet,Left,145,158,98,31484202,0.41,1820,nan
8/26/2026 22:18:05,1.17.3,StopSig,18,4.06,nan,1,Right_no_left,Left,145,159,98,31484202,nan,nan,nan
8/26/2026 22:20:29,1.17.3,StopSig,18,4.07,nan,1,>Left_Regular_trial,Left,146,159,98,31650245,nan,nan,nan
8/26/2026 22:20:33,1.17.3,StopSig,18,4.07,nan,1,NoPoke_Regular_(incorrect),Left,146,159,98,31654231,nan,nan,nan
8/26/2026 22:21:21,1.17.3,StopSig,18,4.07,nan,1,>Left_Stop_trial,Left,147,159,98,31702366,nan,nan,nan
8/26/2026 22:21:25,1.17.3,StopSig,18,4.07,nan,1,NoPoke_STOP_(correct),Left,147,159,98,31706223,nan,nan,nan
8/26/2026 22:21:27,1.17.3,StopSig,18,4.07,1,1,Pellet,Left,147,159,99,31706223,1.07,221,nan
8/26/2026 22:23:20,1.17.3,StopSig,18,4.07,nan,1,>Left_Stop_trial,Left,148,159,99,31821141,nan,nan,nan
8/26/2026 22:23:24,1.17.3,StopSig,18,4.07,nan,1,NoPoke_STOP_(correct),Left,148,159,99,31825150,nan,nan,nan
8/26/2026 22:23:25,1.17.3,StopSig,18,4.07,1,1,Pellet,Left,148,159,100,31825150,0.53,118,nan
8/26/2026 22:24:24,1.17.3,StopSig,18,4.07,nan,1,>Left_Regular_trial,Left,149,159,100,31885349,nan,nan,nan
8/26/2026 22:24:28,1.17.3,StopSig,18,4.07,nan,1,NoPoke_Regular_(incorrect),Left,149,159,100,31889189,nan,nan,nan
8/26/2026 22:26:48,1.17.3,StopSig,18,4.07,nan,1,>Left_Regular_trial,Left,150,159,100,32029299,nan,nan,nan
8/26/2026 22:26:49,1.17.3,StopSig,18,4.07,nan,1,Right_Regular_(correct),Left,150,160,100,32030929,nan,nan,nan
8/26/2026 22:26:54,1.17.3,StopSig,18,4.07,1,1,Pellet,Left,150,160,101,32030929,3.47,209,nan
8/26/2026 22:28:19,1.17.3,StopSig,18,4.07,nan,1,>Left_Regular_trial,Left,151,160,101,32120012,nan,nan,nan
8/26/2026 22:28:21,1.17.3,StopSig,18,4.07,nan,1,Right_Regular_(correct),Left,151,161,101,32122524,nan,nan,nan
8/26/2026 22:28:23,1.17.3,StopSig,18,4.07,1,1,Pellet,Left,151,161,102,32122524,1.67,89,nan
8/26/2026 22:28:37,1.17.3,StopSig,18,4.07,nan,1,>Left_Regular_trial,Left,152,161,102,32138209,nan,nan,nan
8/26/2026 22:28:38,1.17.3,StopSig,18,4.07,nan,1,Right_Regular_(correct),Left,152,162,102,32139545,nan,nan,nan
8/26/2026 22:28:39,1.17.3,StopSig,18,4.07,1,1,Pellet,Left,152,162,103,32139545,0.53,16,nan
8/26/2026 22:35:41,1.17.3,StopSig,18,4.07,nan,1,>Left_Regular_trial,Left,153,162,103,32562598,nan,nan,nan
8/26/2026 22:35:43,1.17.3,StopSig,18,4.07,nan,1,Right_Regular_(correct),Left,153,163,103,32564527,nan,nan,nan
8/26/2026 22:35:45,1.17.3,StopSig,18,4.07,1,1,Pellet,Left,153,163,104,32564527,1.37,426,nan
8/26/2026 22:40:19,1.17.3,StopSig,18,4.07,nan,1,>Left_Regular_trial,Left,154,163,104,32840583,nan,nan,nan
8/26/2026 22:40:23,1.17.3,StopSig,18,4.07,nan,1,NoPoke_Regular_(incorrect),Left,154,163,104,32844276,nan,nan,nan
8/26/2026 22:40:55,1.17.3,StopSig,18,4.07,nan,1,>Left_Regular_trial,Left,155,163,104,32876523,nan,nan,nan
8/26/2026 22:40:59,1.17.3,StopSig,18,4.07,nan,1,NoPoke_Regular_(incorrect),Left,155,163,104,32880220,nan,nan,nan
8/26/2026 22:41:32,1.17.3,StopSig,18,4.07,nan,1,>Left_Regular_trial,Left,156,163,104,32913201,nan,nan,nan
8/26/2026 22:41:34,1.17.3,StopSig,18,4.07,nan,1,Right_Regular_(correct),Left,156,164,104,32915271,nan,nan,nan
8/26/2026 22:41:36,1.17.3,StopSig,18,4.07,1,1,Pellet,Left,156,164,105,32915271,1.31,351,nan
8/26/2026 22:41:58,1.17.3,StopSig,18,4.07,nan,1,>Left_Regular_trial,Left,157,164,105,32939538,nan,nan,nan
8/26/2026 22:42:00,1.17.3,StopSig,18,4.07,nan,1,Right_Regular_(correct),Left,157,165,105,32941166,nan,nan,nan
8/26/2026 22:42:00,1.17.3,StopSig,18,4.07,nan,1,RightDuringDispense,Left,157,166,105,32941166,nan,nan,0.00
8/26/2026 22:42:04,1.17.3,StopSig,18,4.07,2,1,Pellet,Left,157,166,106,32941166,1.01,28,nan
8/26/2026 22:47:25,1.17.3,StopSig,18,4.07,nan,1,>Left_Regular_trial,Left,158,166,106,33265969,nan,nan,nan
8/26/2026 22:47:28,1.17.3,StopSig,18,4.07,nan,1,NoPoke_Regular_(incorrect),Left,158,166,106,33269224,nan,nan,nan
8/26/2026 22:48:44,1.17.3,StopSig,18,4.07,nan,1,>Left_Regular_trial,Left,159,166,106,33345722,nan,nan,nan
8/26/2026 22:48:45,1.17.3,StopSig,18,4.06,nan,1,Right_Regular_(correct),Left,159,167,106,33346911,nan,nan,nan
8/26/2026 22:48:48,1.17.3,StopSig,18,4.06,1,1,Pellet,Left,159,167,107,33346911,1.67,404,nan
8/26/2026 22:49:14,1.17.3,StopSig,18,4.06,nan,1,Right_no_left,Left,159,168,107,33346911,nan,nan,nan
8/26/2026 22:49:16,1.17.3,StopSig,18,4.07,nan,1,>Left_Regular_trial,Left,160,168,107,33377340,nan,nan,nan
8/26/2026 22:49:17,1.17.3,StopSig,18,4.07,nan,1,Right_Regular_(correct),Left,160,169,107,33378086,nan,nan,nan
8/26/2026 22:49:18,1.17.3,StopSig,18,4.07,1,1,Pellet,Left,160,169,108,33378086,0.47,30,nan
8/26/2026 22:49:34,1.17.3,StopSig,18,4.07,nan,1,>Left_Regular_trial,Left,161,169,108,33395208,nan,nan,nan
8/26/2026 22:49:34,1.17.3,StopSig,18,4.07,nan,1,Right_Regular_(correct),Left,161,170,108,33395962,nan,nan,nan
8/26/2026 22:49:36,1.17.3,StopSig,18,4.07,1,1,Pellet,Left,161,170,109,33395962,0.95,18,nan
8/26/2026 22:53:32,1.17.3,StopSig,18,4.07,nan,1,Right_no_left,Left,161,171,109,33395962,nan,nan,nan
8/26/2026 22:53:33,1.17.3,StopSig,18,4.07,nan,1,Right_no_left,Left,161,172,109,33633656,nan,nan,nan
8/26/2026 23:01:05,1.17.3,StopSig,18,4.07,nan,1,>Left_Regular_trial,Left,162,172,109,34086066,nan,nan,nan
8/26/2026 23:01:07,1.17.3,StopSig,18,4.07,nan,1,Right_Regular_(correct),Left,162,173,109,34089020,nan,nan,nan
8/26/2026 23:01:10,1.17.3,StopSig,18,4.07,1,1,Pellet,Left,162,173,110,34089020,1.85,694,nan
8/26/2026 23:04:43,1.17.3,StopSig,18,4.07,nan,1,>Left_Stop_trial,Left,163,173,110,34303955,nan,nan,nan
8/26/2026 23:04:46,1.17.3,StopSig,18,4.07,nan,1,NoPoke_STOP_(correct),Left,163,173,110,34307373,nan,nan,nan
8/26/2026 23:04:48,1.17.3,StopSig,18,4.07,1,1,Pellet,Left,163,173,111,34307373,1.13,218,nan
8/26/2026 23:06:19,1.17.3,StopSig,18,4.06,nan,1,>Left_Stop_trial,Left,164,173,111,34400167,nan,nan,nan
8/26/2026 23:06:23,1.17.3,StopSig,18,4.07,nan,1,NoPoke_STOP_(correct),Left,164,173,111,34404322,nan,nan,nan
8/26/2026 23:06:26,1.17.3,StopSig,18,4.06,1,1,Pellet,Left,164,173,112,34404322,2.03,97,nan
8/26/2026 23:06:42,1.17.3,StopSig,18,4.07,nan,1,Right_no_left,Left,164,174,112,34404322,nan,nan,nan
8/26/2026 23:06:43,1.17.3,StopSig,18,4.07,nan,1,>Left_Regular_trial,Left,165,174,112,34424901,nan,nan,nan
8/26/2026 23:06:44,1.17.3,StopSig,18,4.07,nan,1,Right_Regular_(correct),Left,165,175,112,34425941,nan,nan,nan
8/26/2026 23:06:46,1.17.3,StopSig,18,4.07,1,1,Pellet,Left,165,175,113,34425941,0.65,21,nan
8/26/2026 23:07:03,1.17.3,StopSig,18,4.07,nan,1,>Left_Regular_trial,Left,166,175,113,34444615,nan,nan,nan
8/26/2026 23:07:07,1.17.3,StopSig,18,4.07,nan,1,NoPoke_Regular_(incorrect),Left,166,175,113,34448306,nan,nan,nan
8/26/2026 23:08:55,1.17.3,StopSig,18,4.07,nan,1,>Left_Stop_trial,Left,167,175,113,34555795,nan,nan,nan
8/26/2026 23:08:58,1.17.3,StopSig,18,4.06,nan,1,NoPoke_STOP_(correct),Left,167,175,113,34559363,nan,nan,nan
8/26/2026 23:09:03,1.17.3,StopSig,18,4.06,3,1,Pellet,Left,167,175,114,34559363,0.41,137,nan
8/26/2026 23:09:29,1.17.3,StopSig,18,4.07,nan,1,>Left_Regular_trial,Left,168,175,114,34590318,nan,nan,nan
8/26/2026 23:09:33,1.17.3,StopSig,18,4.07,nan,1,NoPoke_Regular_(incorrect),Left,168,175,114,34594303,nan,nan,nan
8/26/2026 23:12:16,1.17.3,StopSig,18,4.07,nan,1,>Left_Regular_trial,Left,169,175,114,34757114,nan,nan,nan
8/26/2026 23:12:17,1.17.3,StopSig,18,4.07,nan,1,Right_Regular_(correct),Left,169,176,114,34758301,nan,nan,nan
8/26/2026 23:12:19,1.17.3,StopSig,18,4.06,1,1,Pellet,Left,169,176,115,34758301,1.91,196,nan
8/26/2026 23:12:42,1.17.3,StopSig,18,4.07,nan,1,Right_no_left,Left,169,177,115,34758301,nan,nan,nan
8/26/2026 23:13:14,1.17.3,StopSig,18,4.07,nan,1,>Left_Stop_trial,Left,170,177,115,34815372,nan,nan,nan
8/26/2026 23:13:18,1.17.3,StopSig,18,4.07,nan,1,NoPoke_STOP_(correct),Left,170,177,115,34819374,nan,nan,nan
8/26/2026 23:13:23,1.17.3,StopSig,18,4.07,3,1,Pellet,Left,170,177,116,34819374,0.47,64,nan
8/26/2026 23:15:13,1.17.3,StopSig,18,4.06,nan,1,>Left_Stop_trial,Left,171,177,116,34934628,nan,nan,nan
8/26/2026 23:15:17,1.17.3,StopSig,18,4.06,nan,1,NoPoke_STOP_(correct),Left,171,177,116,34938334,nan,nan,nan
8/26/2026 23:15:18,1.17.3,StopSig,18,4.07,1,1,Pellet,Left,171,177,117,34938334,0.89,115,nan
8/26/2026 23:15:39,1.17.3,StopSig,18,4.06,nan,1,>Left_Stop_trial,Left,172,177,117,34959810,nan,nan,nan
8/26/2026 23:15:42,1.17.3,StopSig,18,4.06,nan,1,NoPoke_STOP_(correct),Left,172,177,117,34963371,nan,nan,nan
8/26/2026 23:15:45,1.17.3,StopSig,18,4.06,2,1,Pellet,Left,172,177,118,34963371,0.41,27,nan
8/26/2026 23:16:08,1.17.3,StopSig,18,4.06,nan,1,>Left_Stop_trial,Left,173,177,118,34988896,nan,nan,nan
8/26/2026 23:16:11,1.17.3,StopSig,18,4.07,nan,1,NoPoke_STOP_(correct),Left,173,177,118,34992311,nan,nan,nan
8/26/2026 23:16:12,1.17.3,StopSig,18,4.06,1,1,Pellet,Left,173,177,119,34992311,0.35,27,nan
8/26/2026 23:19:14,1.17.3,StopSig,18,4.06,nan,1,>Left_Stop_trial,Left,174,177,119,35174719,nan,nan,nan
8/26/2026 23:19:17,1.17.3,StopSig,18,4.06,nan,1,NoPoke_STOP_(correct),Left,174,177,119,35178282,nan,nan,nan
8/26/2026 23:19:18,1.17.3,StopSig,18,4.06,1,1,Pellet,Left,174,177,120,35178282,0.35,186,nan
8/26/2026 23:21:52,1.17.3,StopSig,18,4.07,nan,1,>Left_Stop_trial,Left,175,177,120,35332666,nan,nan,nan
8/26/2026 23:21:55,1.17.3,StopSig,18,4.06,nan,1,NoPoke_STOP_(correct),Left,175,177,120,35336377,nan,nan,nan
8/26/2026 23:21:56,1.17.3,StopSig,18,4.07,1,1,Pellet,Left,175,177,121,35336377,0.53,158,nan
8/26/2026 23:22:43,1.17.3,StopSig,18,4.07,nan,1,>Left_Stop_trial,Left,176,177,121,35384441,nan,nan,nan
8/26/2026 23:22:47,1.17.3,StopSig,18,4.07,nan,1,NoPoke_STOP_(correct),Left,176,177,121,35388300,nan,nan,nan
8/26/2026 23:22:48,1.17.3,StopSig,18,4.06,1,1,Pellet,Left,176,177,122,35388300,0.41,52,nan
8/26/2026 23:23:08,1.17.3,StopSig,18,4.06,nan,1,>Left_Stop_trial,Left,177,177,122,35408897,nan,nan,nan
8/26/2026 23:23:11,1.17.3,StopSig,18,4.07,nan,1,NoPoke_STOP_(correct),Left,177,177,122,35412315,nan,nan,nan
8/26/2026 23:23:12,1.17.3,StopSig,18,4.07,1,1,Pellet,Left,177,177,123,35412315,0.41,24,nan
8/26/2026 23:24:03,1.17.3,StopSig,18,4.06,nan,1,>Left_Regular_trial,Left,178,177,123,35464150,nan,nan,nan
8/26/2026 23:24:07,1.17.3,StopSig,18,4.07,nan,1,NoPoke_Regular_(incorrect),Left,178,177,123,35468428,nan,nan,nan
8/26/2026 23:27:16,1.17.3,StopSig,18,4.06,nan,1,>Left_Regular_trial,Left,179,177,123,35657450,nan,nan,nan
8/26/2026 23:27:20,1.17.3,StopSig,18,4.07,nan,1,NoPoke_Regular_(incorrect),Left,179,177,123,35661432,nan,nan,nan
8/26/2026 23:33:45,1.17.3,StopSig,18,4.07,nan,1,>Left_Regular_trial,Left,180,177,123,36046849,nan,nan,nan
8/26/2026 23:33:49,1.17.3,StopSig,18,4.06,nan,1,NoPoke_Regular_(incorrect),Left,180,177,123,36050395,nan,nan,nan
8/26/2026 23:37:15,1.17.3,StopSig,18,4.07,nan,1,>Left_Regular_trial,Left,181,177,123,36256558,nan,nan,nan
8/26/2026 23:37:19,1.17.3,StopSig,18,4.07,nan,1,NoPoke_Regular_(incorrect),Left,181,177,123,36260394,nan,nan,nan
8/26/2026 23:39:30,1.17.3,StopSig,18,4.07,nan,1,>Left_Stop_trial,Left,182,177,123,36391394,nan,nan,nan
8/26/2026 23:39:34,1.17.3,StopSig,18,4.06,nan,1,NoPoke_STOP_(correct),Left,182,177,123,36395404,nan,nan,nan
8/26/2026 23:39:37,1.17.3,StopSig,18,4.06,1,1,Pellet,Left,182,177,124,36395404,2.21,985,nan
8/26/2026 23:39:57,1.17.3,StopSig,18,4.07,nan,1,Right_no_left,Left,182,178,124,36395404,nan,nan,nan
8/26/2026 23:40:00,1.17.3,StopSig,18,4.07,nan,1,Right_no_left,Left,182,179,124,36418806,nan,nan,nan
8/26/2026 23:40:03,1.17.3,StopSig,18,4.06,nan,1,>Left_Regular_trial,Left,183,179,124,36424858,nan,nan,nan
8/26/2026 23:40:07,1.17.3,StopSig,18,4.07,nan,1,NoPoke_Regular_(incorrect),Left,183,179,124,36428402,nan,nan,nan
8/26/2026 23:44:40,1.17.3,StopSig,18,4.06,nan,1,>Left_Stop_trial,Left,184,179,124,36701190,nan,nan,nan
8/26/2026 23:44:43,1.17.3,StopSig,18,4.06,nan,1,NoPoke_STOP_(correct),Left,184,179,124,36704462,nan,nan,nan
8/26/2026 23:44:45,1.17.3,StopSig,18,4.06,1,1,Pellet,Left,184,179,125,36704462,0.95,308,nan
8/26/2026 23:45:05,1.17.3,StopSig,18,4.05,nan,1,Right_no_left,Left,184,180,125,36704462,nan,nan,nan
8/26/2026 23:45:09,1.17.3,StopSig,18,4.05,nan,1,>Left_Regular_trial,Left,185,180,125,36730519,nan,nan,nan
8/26/2026 23:45:13,1.17.3,StopSig,18,4.06,nan,1,NoPoke_Regular_(incorrect),Left,185,180,125,36734361,nan,nan,nan
8/26/2026 23:45:47,1.17.3,StopSig,18,4.05,nan,1,>Left_Regular_trial,Left,186,180,125,36768534,nan,nan,nan
8/26/2026 23:45:51,1.17.3,StopSig,18,4.05,nan,1,NoPoke_Regular_(incorrect),Left,186,180,125,36772377,nan,nan,nan
8/26/2026 23:47:35,1.17.3,StopSig,18,4.06,nan,1,>Left_Regular_trial,Left,187,180,125,36876716,nan,nan,nan
8/26/2026 23:47:36,1.17.3,StopSig,18,4.06,nan,1,Right_Regular_(correct),Left,187,181,125,36877904,nan,nan,nan
8/26/2026 23:47:39,1.17.3,StopSig,18,4.06,1,1,Pellet,Left,187,181,126,36877904,2.45,174,nan
8/26/2026 23:47:56,1.17.3,StopSig,18,4.07,nan,1,>Left_Regular_trial,Left,188,181,126,36897130,nan,nan,nan
8/26/2026 23:47:57,1.17.3,StopSig,18,4.06,nan,1,Right_Regular_(correct),Left,188,182,126,36898171,nan,nan,nan
8/26/2026 23:47:58,1.17.3,StopSig,18,4.06,1,1,Pellet,Left,188,182,127,36898171,0.59,19,nan
8/26/2026 23:48:14,1.17.3,StopSig,18,4.06,nan,1,Right_no_left,Left,188,183,127,36898171,nan,nan,nan
8/26/2026 23:53:39,1.17.3,StopSig,18,4.06,nan,1,>Left_Regular_trial,Left,189,183,127,37240184,nan,nan,nan
8/26/2026 23:53:40,1.17.3,StopSig,18,4.06,nan,1,Right_Regular_(correct),Left,189,184,127,37241226,nan,nan,nan
8/26/2026 23:53:41,1.17.3,StopSig,18,4.06,1,1,Pellet,Left,189,184,128,37241226,0.59,343,nan
8/26/2026 23:54:02,1.17.3,StopSig,18,4.06,nan,1,Right_no_left,Left,189,185,128,37241226,nan,nan,nan
8/26/2026 23:54:08,1.17.3,StopSig,18,4.06,nan,1,Right_no_left,Left,189,186,128,37263975,nan,nan,nan
8/26/2026 23:57:25,1.17.3,StopSig,18,4.06,nan,1,>Left_Stop_trial,Left,190,186,128,37466231,nan,nan,nan
8/26/2026 23:57:29,1.17.3,StopSig,18,4.05,nan,1,NoPoke_STOP_(correct),Left,190,186,128,37470392,nan,nan,nan
8/26/2026 23:57:30,1.17.3,StopSig,18,4.07,1,1,Pellet,Left,190,186,129,37470392,0.47,229,nan
8/26/2026 23:58:16,1.17.3,StopSig,18,4.06,nan,1,>Left_Regular_trial,Left,191,186,129,37517770,nan,nan,nan
8/26/2026 23:58:20,1.17.3,StopSig,18,4.05,nan,1,NoPoke_Regular_(incorrect),Left,191,186,129,37521465,nan,nan,nan
8/27/2026 0:09:23,1.17.3,StopSig,18,4.06,nan,1,Right_no_left,Left,191,187,129,37521465,nan,nan,nan
8/27/2026 0:09:24,1.17.3,StopSig,18,4.06,nan,1,Right_no_left,Left,191,188,129,38184915,nan,nan,nan
8/27/2026 0:09:25,1.17.3,StopSig,18,4.06,nan,1,Right_no_left,Left,191,189,129,38185366,nan,nan,nan
8/27/2026 0:10:18,1.17.3,StopSig,18,4.06,nan,1,>Left_Regular_trial,Left,192,189,129,38239984,nan,nan,nan
8/27/2026 0:10:19,1.17.3,StopSig,18,4.06,nan,1,Right_Regular_(correct),Left,192,190,129,38241172,nan,nan,nan
8/27/2026 0:10:23,1.17.3,StopSig,18,4.06,2,1,Pellet,Left,192,190,130,38241172,0.71,773,nan
8/27/2026 0:10:38,1.17.3,StopSig,18,4.06,nan,1,Right_no_left,Left,192,191,130,38241172,nan,nan,nan
8/27/2026 0:10:39,1.17.3,StopSig,18,4.06,nan,1,Right_no_left,Left,192,192,130,38260180,nan,nan,nan
8/27/2026 0:16:40,1.17.3,StopSig,18,4.06,nan,1,>Left_Stop_trial,Left,193,192,130,38621269,nan,nan,nan
8/27/2026 0:16:44,1.17.3,StopSig,18,4.06,nan,1,NoPoke_STOP_(correct),Left,193,192,130,38625424,nan,nan,nan
8/27/2026 0:16:46,1.17.3,StopSig,18,4.06,1,1,Pellet,Left,193,192,131,38625424,1.37,383,nan
8/27/2026 0:17:07,1.17.3,StopSig,18,4.06,nan,1,>Left_Regular_trial,Left,194,192,131,38648442,nan,nan,nan
8/27/2026 0:17:09,1.17.3,StopSig,18,4.06,nan,1,Right_Regular_(correct),Left,194,193,131,38650509,nan,nan,nan
8/27/2026 0:17:10,1.17.3,StopSig,18,4.06,1,1,Pellet,Left,194,193,132,38650509,0.35,24,nan
8/27/2026 0:18:04,1.17.3,StopSig,18,4.06,nan,1,>Left_Stop_trial,Left,195,193,132,38704848,nan,nan,nan
8/27/2026 0:18:07,1.17.3,StopSig,18,4.06,nan,1,NoPoke_STOP_(correct),Left,195,193,132,38708562,nan,nan,nan
8/27/2026 0:18:08,1.17.3,StopSig,18,4.06,1,1,Pellet,Left,195,193,133,38708562,0.59,58,nan
8/27/2026 0:19:07,1.17.3,StopSig,18,4.06,nan,1,>Left_Regular_trial,Left,196,193,133,38768925,nan,nan,nan
8/27/2026 0:19:11,1.17.3,StopSig,18,4.05,nan,1,NoPoke_Regular_(incorrect),Left,196,193,133,38772471,nan,nan,nan
8/27/2026 0:20:41,1.17.3,StopSig,18,4.06,nan,1,>Left_Regular_trial,Left,197,193,133,38862295,nan,nan,nan
8/27/2026 0:20:45,1.17.3,StopSig,18,4.05,nan,1,NoPoke_Regular_(incorrect),Left,197,193,133,38866426,nan,nan,nan
8/27/2026 0:21:33,1.17.3,StopSig,18,4.05,nan,1,>Left_Regular_trial,Left,198,193,133,38914849,nan,nan,nan
8/27/2026 0:21:37,1.17.3,StopSig,18,4.06,nan,1,NoPoke_Regular_(incorrect),Left,198,193,133,38918542,nan,nan,nan
8/27/2026 0:24:22,1.17.3,StopSig,18,4.06,nan,1,>Left_Stop_trial,Left,199,193,133,39083359,nan,nan,nan
8/27/2026 0:24:26,1.17.3,StopSig,18,4.06,nan,1,NoPoke_STOP_(correct),Left,199,193,133,39087516,nan,nan,nan
8/27/2026 0:24:34,1.17.3,StopSig,18,4.05,3,1,Pellet,Left,199,193,134,39087516,2.93,385,nan
8/27/2026 0:25:08,1.17.3,StopSig,18,4.05,nan,1,>Left_Regular_trial,Left,200,193,134,39129561,nan,nan,nan
8/27/2026 0:25:12,1.17.3,StopSig,18,4.06,nan,1,NoPoke_Regular_(incorrect),Left,200,193,134,39133558,nan,nan,nan
8/27/2026 0:28:07,1.17.3,StopSig,18,4.06,nan,1,>Left_Regular_trial,Left,201,193,134,39309008,nan,nan,nan
8/27/2026 0:28:11,1.17.3,StopSig,18,4.05,nan,1,NoPoke_Regular_(incorrect),Left,201,193,134,39312553,nan,nan,nan
8/27/2026 0:30:19,1.17.3,StopSig,18,4.06,nan,1,>Left_Regular_trial,Left,202,193,134,39440352,nan,nan,nan
8/27/2026 0:30:23,1.17.3,StopSig,18,4.06,nan,1,NoPoke_Regular_(incorrect),Left,202,193,134,39444495,nan,nan,nan
8/27/2026 0:33:51,1.17.3,StopSig,18,4.05,nan,1,Right_no_left,Left,202,194,134,39444495,nan,nan,nan
8/27/2026 0:33:51,1.17.3,StopSig,18,4.06,nan,1,Right_no_left,Left,202,195,134,39652773,nan,nan,nan
8/27/2026 0:33:53,1.17.3,StopSig,18,4.05,nan,1,Right_no_left,Left,202,196,134,39653373,nan,nan,nan
8/27/2026 0:36:20,1.17.3,StopSig,18,4.05,nan,1,Right_no_left,Left,202,197,134,39655299,nan,nan,nan
8/27/2026 0:37:39,1.17.3,StopSig,18,4.05,nan,1,>Left_Stop_trial,Left,203,197,134,39880565,nan,nan,nan
8/27/2026 0:37:43,1.17.3,StopSig,18,4.06,nan,1,NoPoke_STOP_(correct),Left,203,197,134,39884578,nan,nan,nan
8/27/2026 0:37:45,1.17.3,StopSig,18,4.05,2,1,Pellet,Left,203,197,135,39884578,0.95,792,nan
8/27/2026 0:38:12,1.17.3,StopSig,18,4.06,nan,1,>Left_Regular_trial,Left,204,197,135,39913637,nan,nan,nan
8/27/2026 0:38:16,1.17.3,StopSig,18,4.06,nan,1,NoPoke_Regular_(incorrect),Left,204,197,135,39917477,nan,nan,nan
8/27/2026 0:39:02,1.17.3,StopSig,18,4.05,nan,1,>Left_Regular_trial,Left,205,197,135,39963277,nan,nan,nan
8/27/2026 0:39:05,1.17.3,StopSig,18,4.06,nan,1,NoPoke_Regular_(incorrect),Left,205,197,135,39966532,nan,nan,nan
8/27/2026 0:39:51,1.17.3,StopSig,18,4.06,nan,1,>Left_Regular_trial,Left,206,197,135,40012481,nan,nan,nan
8/27/2026 0:39:55,1.17.3,StopSig,18,4.05,nan,1,NoPoke_Regular_(incorrect),Left,206,197,135,40016616,nan,nan,nan
8/27/2026 0:42:11,1.17.3,StopSig,18,4.05,nan,1,>Left_Regular_trial,Left,207,197,135,40152229,nan,nan,nan
8/27/2026 0:42:14,1.17.3,StopSig,18,4.06,nan,1,NoPoke_Regular_(incorrect),Left,207,197,135,40155478,nan,nan,nan
8/27/2026 0:43:42,1.17.3,StopSig,18,4.06,nan,1,>Left_Regular_trial,Left,208,197,135,40244109,nan,nan,nan
8/27/2026 0:43:46,1.17.3,StopSig,18,4.05,nan,1,NoPoke_Regular_(incorrect),Left,208,197,135,40247508,nan,nan,nan
8/27/2026 0:45:14,1.17.3,StopSig,18,4.05,nan,1,>Left_Regular_trial,Left,209,197,135,40335725,nan,nan,nan
8/27/2026 0:45:16,1.17.3,StopSig,18,4.05,nan,1,Right_Regular_(correct),Left,209,198,135,40337649,nan,nan,nan
8/27/2026 0:45:17,1.17.3,StopSig,18,4.06,1,1,Pellet,Left,209,198,136,40337649,0.35,452,nan
8/27/2026 0:45:37,1.17.3,StopSig,18,4.06,nan,1,>Left_Regular_trial,Left,210,198,136,40358348,nan,nan,nan
8/27/2026 0:45:41,1.17.3,StopSig,18,4.05,nan,1,NoPoke_Regular_(incorrect),Left,210,198,136,40362485,nan,nan,nan
8/27/2026 0:58:28,1.17.3,StopSig,18,4.05,nan,1,>Left_Regular_trial,Left,211,198,136,41130004,nan,nan,nan
8/27/2026 0:58:32,1.17.3,StopSig,18,4.05,nan,1,NoPoke_Regular_(incorrect),Left,211,198,136,41133555,nan,nan,nan
8/27/2026 1:01:17,1.17.3,StopSig,18,4.05,nan,1,>Left_Stop_trial,Left,212,198,136,41298245,nan,nan,nan
8/27/2026 1:01:20,1.17.3,StopSig,18,4.05,nan,1,NoPoke_STOP_(correct),Left,212,198,136,41301663,nan,nan,nan
8/27/2026 1:01:23,1.17.3,StopSig,18,4.05,1,1,Pellet,Left,212,198,137,41301663,1.97,966,nan
8/27/2026 1:02:05,1.17.3,StopSig,18,4.06,nan,1,>Left_Regular_trial,Left,213,198,137,41346639,nan,nan,nan
8/27/2026 1:02:09,1.17.3,StopSig,18,4.05,nan,1,NoPoke_Regular_(incorrect),Left,213,198,137,41350622,nan,nan,nan
8/27/2026 1:02:42,1.17.3,StopSig,18,4.05,nan,1,>Left_Regular_trial,Left,214,198,137,41383899,nan,nan,nan
8/27/2026 1:02:46,1.17.3,StopSig,18,4.05,nan,1,NoPoke_Regular_(incorrect),Left,214,198,137,41387586,nan,nan,nan
8/27/2026 1:03:33,1.17.3,StopSig,18,4.05,nan,1,>Left_Regular_trial,Left,215,198,137,41434537,nan,nan,nan
8/27/2026 1:03:34,1.17.3,StopSig,18,4.05,nan,1,Right_Regular_(correct),Left,215,199,137,41435872,nan,nan,nan
8/27/2026 1:03:36,1.17.3,StopSig,18,4.05,1,1,Pellet,Left,215,199,138,41435872,1.01,133,nan
8/27/2026 1:05:03,1.17.3,StopSig,18,4.06,nan,1,>Left_Regular_trial,Left,216,199,138,41524995,nan,nan,nan
8/27/2026 1:05:07,1.17.3,StopSig,18,4.06,nan,1,NoPoke_Regular_(incorrect),Left,216,199,138,41528539,nan,nan,nan
8/27/2026 1:06:56,1.17.3,StopSig,18,4.06,nan,1,>Left_Regular_trial,Left,217,199,138,41637210,nan,nan,nan
8/27/2026 1:06:59,1.17.3,StopSig,18,4.05,nan,1,NoPoke_Regular_(incorrect),Left,217,199,138,41640605,nan,nan,nan
8/27/2026 1:09:24,1.17.3,StopSig,18,4.05,nan,1,>Left_Regular_trial,Left,218,199,138,41786156,nan,nan,nan
8/27/2026 1:09:28,1.17.3,StopSig,18,4.05,nan,1,NoPoke_Regular_(incorrect),Left,218,199,138,41789557,nan,nan,nan
8/27/2026 1:09:59,1.17.3,StopSig,18,4.05,nan,1,>Left_Regular_trial,Left,219,199,138,41820773,nan,nan,nan
8/27/2026 1:10:03,1.17.3,StopSig,18,4.06,nan,1,NoPoke_Regular_(incorrect),Left,219,199,138,41824610,nan,nan,nan
8/27/2026 1:11:15,1.17.3,StopSig,18,4.05,nan,1,>Left_Regular_trial,Left,220,199,138,41896264,nan,nan,nan
8/27/2026 1:11:18,1.17.3,StopSig,18,4.05,nan,1,NoPoke_Regular_(incorrect),Left,220,199,138,41899661,nan,nan,nan
8/27/2026 1:12:43,1.17.3,StopSig,18,4.05,nan,1,>Left_Regular_trial,Left,221,199,138,41984600,nan,nan,nan
8/27/2026 1:12:47,1.17.3,StopSig,18,4.05,nan,1,NoPoke_Regular_(incorrect),Left,221,199,138,41988581,nan,nan,nan
8/27/2026 1:14:49,1.17.3,StopSig,18,4.05,nan,1,>Left_Regular_trial,Left,222,199,138,42110975,nan,nan,nan
8/27/2026 1:14:53,1.17.3,StopSig,18,4.05,nan,1,NoPoke_Regular_(incorrect),Left,222,199,138,42114664,nan,nan,nan
8/27/2026 1:16:35,1.17.3,StopSig,18,4.05,nan,1,>Left_Regular_trial,Left,223,199,138,42216263,nan,nan,nan
8/27/2026 1:16:36,1.17.3,StopSig,18,4.05,nan,1,Right_Regular_(correct),Left,223,200,138,42217893,nan,nan,nan
8/27/2026 1:16:42,1.17.3,StopSig,18,4.05,3,1,Pellet,Left,223,200,139,42217893,0.71,786,nan
8/27/2026 1:17:32,1.17.3,StopSig,18,4.06,nan,1,>Left_Stop_trial,Left,224,200,139,42273135,nan,nan,nan
8/27/2026 1:17:35,1.17.3,StopSig,18,4.05,nan,1,NoPoke_STOP_(correct),Left,224,200,139,42276701,nan,nan,nan
8/27/2026 1:17:36,1.17.3,StopSig,18,4.05,1,1,Pellet,Left,224,200,140,42276701,0.47,54,nan
8/27/2026 2:44:31,1.17.3,StopSig,18,4.04,nan,1,Right_no_left,Left,224,201,140,42276701,nan,nan,nan
8/27/2026 2:44:31,1.17.3,StopSig,18,4.04,nan,1,Right_no_left,Left,224,202,140,47493086,nan,nan,nan
8/27/2026 2:47:51,1.17.3,StopSig,18,4.05,nan,1,Right_no_left,Left,224,203,140,47493685,nan,nan,nan
8/27/2026 2:47:51,1.17.3,StopSig,18,4.05,nan,1,Right_no_left,Left,224,204,140,47693304,nan,nan,nan
8/27/2026 2:48:08,1.17.3,StopSig,18,4.05,nan,1,>Left_Regular_trial,Left,225,204,140,47710265,nan,nan,nan
8/27/2026 2:48:09,1.17.3,StopSig,18,4.05,nan,1,Right_Regular_(correct),Left,225,205,140,47711454,nan,nan,nan
8/27/2026 2:48:11,1.17.3,StopSig,18,4.05,1,1,Pellet,Left,225,205,141,47711454,0.77,5435,nan
8/27/2026 2:48:33,1.17.3,StopSig,18,4.05,nan,1,>Left_Regular_trial,Left,226,205,141,47734963,nan,nan,nan
8/27/2026 2:48:34,1.17.3,StopSig,18,4.05,nan,1,Right_Regular_(correct),Left,226,206,141,47735710,nan,nan,nan
8/27/2026 2:48:35,1.17.3,StopSig,18,4.05,1,1,Pellet,Left,226,206,142,47735710,0.35,24,nan
8/27/2026 2:48:52,1.17.3,StopSig,18,4.05,nan,1,>Left_Regular_trial,Left,227,206,142,47753681,nan,nan,nan
8/27/2026 2:48:53,1.17.3,StopSig,18,4.05,nan,1,Right_Regular_(correct),Left,227,207,142,47754872,nan,nan,nan
8/27/2026 2:48:54,1.17.3,StopSig,18,4.05,1,1,Pellet,Left,227,207,143,47754872,0.47,19,nan
8/27/2026 2:50:55,1.17.3,StopSig,18,4.05,nan,1,>Left_Regular_trial,Left,228,207,143,47877264,nan,nan,nan
8/27/2026 2:50:59,1.17.3,StopSig,18,4.05,nan,1,NoPoke_Regular_(incorrect),Left,228,207,143,47880818,nan,nan,nan
8/27/2026 2:51:35,1.17.3,StopSig,18,4.05,nan,1,>Left_Regular_trial,Left,229,207,143,47916606,nan,nan,nan
8/27/2026 2:51:35,1.17.3,StopSig,18,4.05,nan,1,Right_Regular_(correct),Left,229,208,143,47917500,nan,nan,nan
8/27/2026 2:51:36,1.17.3,StopSig,18,4.04,nan,1,RightDuringDispense,Left,229,209,143,47917500,nan,nan,0.01
8/27/2026 2:51:37,1.17.3,StopSig,18,4.05,1,1,Pellet,Left,229,209,144,47917500,1.01,163,nan
8/27/2026 2:52:01,1.17.3,StopSig,18,4.05,nan,1,Right_no_left,Left,229,210,144,47917500,nan,nan,nan
8/27/2026 2:52:25,1.17.3,StopSig,18,4.05,nan,1,>Left_Stop_trial,Left,230,210,144,47966156,nan,nan,nan
8/27/2026 2:52:28,1.17.3,StopSig,18,4.05,nan,1,NoPoke_STOP_(correct),Left,230,210,144,47969876,nan,nan,nan
8/27/2026 2:52:29,1.17.3,StopSig,18,4.05,1,1,Pellet,Left,230,210,145,47969876,0.35,52,nan
8/27/2026 2:55:52,1.17.3,StopSig,18,4.04,nan,1,>Left_Regular_trial,Left,231,210,145,48173931,nan,nan,nan
8/27/2026 2:55:53,1.17.3,StopSig,18,4.05,nan,1,Right_Regular_(correct),Left,231,211,145,48175418,nan,nan,nan
8/27/2026 2:55:56,1.17.3,StopSig,18,4.05,1,1,Pellet,Left,231,211,146,48175418,1.85,207,nan
8/27/2026 2:58:40,1.17.3,StopSig,18,4.05,nan,1,>Left_Regular_trial,Left,232,211,146,48342018,nan,nan,nan
8/27/2026 2:58:44,1.17.3,StopSig,18,4.05,nan,1,NoPoke_Regular_(incorrect),Left,232,211,146,48345862,nan,nan,nan
8/27/2026 3:00:32,1.17.3,StopSig,18,4.05,nan,1,>Left_Stop_trial,Left,233,211,146,48453279,nan,nan,nan
8/27/2026 3:00:35,1.17.3,StopSig,18,4.05,nan,1,NoPoke_STOP_(correct),Left,233,211,146,48456854,nan,nan,nan
8/27/2026 3:00:36,1.17.3,StopSig,18,4.05,1,1,Pellet,Left,233,211,147,48456854,0.41,280,nan
8/27/2026 3:02:05,1.17.3,StopSig,18,4.05,nan,1,Right_no_left,Left,233,212,147,48456854,nan,nan,nan
8/27/2026 3:02:06,1.17.3,StopSig,18,4.05,nan,1,Right_no_left,Left,233,213,147,48547513,nan,nan,nan
8/27/2026 3:04:04,1.17.3,StopSig,18,4.05,nan,1,>Left_Regular_trial,Left,234,213,147,48665724,nan,nan,nan
8/27/2026 3:04:08,1.17.3,StopSig,18,4.05,nan,1,NoPoke_Regular_(incorrect),Left,234,213,147,48669861,nan,nan,nan
8/27/2026 3:04:44,1.17.3,StopSig,18,4.05,nan,1,>Left_Stop_trial,Left,235,213,147,48706086,nan,nan,nan
8/27/2026 3:04:48,1.17.3,StopSig,18,4.05,nan,1,NoPoke_STOP_(correct),Left,235,213,147,48709951,nan,nan,nan
8/27/2026 3:04:49,1.17.3,StopSig,18,4.05,1,1,Pellet,Left,235,213,148,48709951,0.53,253,nan
8/27/2026 3:09:43,1.17.3,StopSig,18,4.05,nan,1,>Left_Stop_trial,Left,236,213,148,49004452,nan,nan,nan
8/27/2026 3:09:46,1.17.3,StopSig,18,4.04,nan,1,NoPoke_STOP_(correct),Left,236,213,148,49007883,nan,nan,nan
8/27/2026 3:09:47,1.17.3,StopSig,18,4.04,1,1,Pellet,Left,236,213,149,49007883,0.65,298,nan
8/27/2026 3:10:28,1.17.3,StopSig,18,4.05,nan,1,>Left_Regular_trial,Left,237,213,149,49049662,nan,nan,nan
8/27/2026 3:10:28,1.17.3,StopSig,18,4.04,nan,1,Right_Regular_(correct),Left,237,214,149,49050555,nan,nan,nan
8/27/2026 3:10:30,1.17.3,StopSig,18,4.05,1,1,Pellet,Left,237,214,150,49050555,0.47,43,nan
8/27/2026 3:11:45,1.17.3,StopSig,18,4.05,nan,1,>Left_Regular_trial,Left,238,214,150,49127420,nan,nan,nan
8/27/2026 3:11:49,1.17.3,StopSig,18,4.05,nan,1,NoPoke_Regular_(incorrect),Left,238,214,150,49130974,nan,nan,nan
8/27/2026 3:12:22,1.17.3,StopSig,18,4.05,nan,1,>Left_Regular_trial,Left,239,214,150,49164255,nan,nan,nan
8/27/2026 3:12:26,1.17.3,StopSig,18,4.05,nan,1,NoPoke_Regular_(incorrect),Left,239,214,150,49167951,nan,nan,nan
8/27/2026 3:14:24,1.17.3,StopSig,18,4.05,nan,1,>Left_Regular_trial,Left,240,214,150,49285979,nan,nan,nan
8/27/2026 3:14:28,1.17.3,StopSig,18,4.04,nan,1,NoPoke_Regular_(incorrect),Left,240,214,150,49289969,nan,nan,nan
8/27/2026 3:16:07,1.17.3,StopSig,18,4.05,nan,1,>Left_Regular_trial,Left,241,214,150,49389127,nan,nan,nan
8/27/2026 3:16:08,1.17.3,StopSig,18,4.05,nan,1,Right_Regular_(correct),Left,241,215,150,49390609,nan,nan,nan
8/27/2026 3:16:12,1.17.3,StopSig,18,4.05,2,1,Pellet,Left,241,215,151,49390609,0.47,342,nan
8/27/2026 3:16:32,1.17.3,StopSig,18,4.05,nan,1,>Left_Regular_trial,Left,242,215,151,49414437,nan,nan,nan
8/27/2026 3:16:33,1.17.3,StopSig,18,4.04,nan,1,Right_Regular_(correct),Left,242,216,151,49415183,nan,nan,nan
8/27/2026 3:16:35,1.17.3,StopSig,18,4.05,1,1,Pellet,Left,242,216,152,49415183,1.61,23,nan
8/27/2026 3:17:20,1.17.3,StopSig,18,4.05,nan,1,>Left_Regular_trial,Left,243,216,152,49461576,nan,nan,nan
8/27/2026 3:17:21,1.17.3,StopSig,18,4.05,nan,1,Right_Regular_(correct),Left,243,217,152,49462764,nan,nan,nan
8/27/2026 3:17:22,1.17.3,StopSig,18,4.04,2,1,Pellet,Left,243,217,153,49462764,0.89,47,nan
8/27/2026 3:17:45,1.17.3,StopSig,18,4.05,nan,1,Right_no_left,Left,243,218,153,49462764,nan,nan,nan
8/27/2026 3:17:46,1.17.3,StopSig,18,4.05,nan,1,Right_no_left,Left,243,219,153,49487651,nan,nan,nan
8/27/2026 3:19:02,1.17.3,StopSig,18,4.05,nan,1,>Left_Regular_trial,Left,244,219,153,49564046,nan,nan,nan
8/27/2026 3:19:06,1.17.3,StopSig,18,4.05,nan,1,NoPoke_Regular_(incorrect),Left,244,219,153,49567887,nan,nan,nan
8/27/2026 3:25:07,1.17.3,StopSig,18,4.04,nan,1,>Left_Regular_trial,Left,245,219,153,49929168,nan,nan,nan
8/27/2026 3:25:10,1.17.3,StopSig,18,4.05,nan,1,Right_Regular_(correct),Left,245,220,153,49932279,nan,nan,nan
8/27/2026 3:25:12,1.17.3,StopSig,18,4.05,1,1,Pellet,Left,245,220,154,49932279,1.25,470,nan
8/27/2026 3:29:46,1.17.3,StopSig,18,4.05,nan,1,>Left_Regular_trial,Left,246,220,154,50208476,nan,nan,nan
8/27/2026 3:29:50,1.17.3,StopSig,18,4.04,nan,1,NoPoke_Regular_(incorrect),Left,246,220,154,50211885,nan,nan,nan
8/27/2026 3:30:23,1.17.3,StopSig,18,4.04,nan,1,>Left_Regular_trial,Left,247,220,154,50245471,nan,nan,nan
8/27/2026 3:30:27,1.17.3,StopSig,18,4.05,nan,1,NoPoke_Regular_(incorrect),Left,247,220,154,50249023,nan,nan,nan
8/27/2026 3:31:03,1.17.3,StopSig,18,4.05,nan,1,>Left_Regular_trial,Left,248,220,154,50284674,nan,nan,nan
8/27/2026 3:31:06,1.17.3,StopSig,18,4.05,nan,1,NoPoke_Regular_(incorrect),Left,248,220,154,50287930,nan,nan,nan
8/27/2026 3:34:33,1.17.3,StopSig,18,4.05,nan,1,>Left_Regular_trial,Left,249,220,154,50495491,nan,nan,nan
8/27/2026 3:34:37,1.17.3,StopSig,18,4.05,nan,1,NoPoke_Regular_(incorrect),Left,249,220,154,50498900,nan,nan,nan
8/27/2026 3:37:03,1.17.3,StopSig,18,4.05,nan,1,>Left_Regular_trial,Left,250,220,154,50644884,nan,nan,nan
8/27/2026 3:37:07,1.17.3,StopSig,18,4.04,nan,1,NoPoke_Regular_(incorrect),Left,250,220,154,50649028,nan,nan,nan
8/27/2026 3:41:48,1.17.3,StopSig,18,4.05,nan,1,>Left_Regular_trial,Left,251,220,154,50930010,nan,nan,nan
8/27/2026 3:41:52,1.17.3,StopSig,18,4.05,nan,1,NoPoke_Regular_(incorrect),Left,251,220,154,50934002,nan,nan,nan
8/27/2026 4:58:10,1.17.3,StopSig,18,4.03,nan,1,>Left_Regular_trial,Left,252,220,154,55512242,nan,nan,nan
8/27/2026 4:58:14,1.17.3,StopSig,18,4.04,nan,1,NoPoke_Regular_(incorrect),Left,252,220,154,55516094,nan,nan,nan
8/27/2026 4:58:58,1.17.3,StopSig,18,4.04,nan,1,>Left_Regular_trial,Left,253,220,154,55560022,nan,nan,nan
8/27/2026 4:58:59,1.17.3,StopSig,18,4.03,nan,1,Right_Regular_(correct),Left,253,221,154,55561509,nan,nan,nan
8/27/2026 4:59:01,1.17.3,StopSig,18,4.04,1,1,Pellet,Left,253,221,155,55561509,1.37,5629,nan
8/27/2026 4:59:20,1.17.3,StopSig,18,4.04,nan,1,Right_no_left,Left,253,222,155,55561509,nan,nan,nan
8/27/2026 5:01:47,1.17.3,StopSig,18,4.04,nan,1,>Left_Regular_trial,Left,254,222,155,55729738,nan,nan,nan
8/27/2026 5:01:51,1.17.3,StopSig,18,4.04,nan,1,NoPoke_Regular_(incorrect),Left,254,222,155,55733144,nan,nan,nan
8/27/2026 5:03:00,1.17.3,StopSig,18,4.04,nan,1,>Left_Regular_trial,Left,255,222,155,55802345,nan,nan,nan
8/27/2026 5:03:04,1.17.3,StopSig,18,4.04,nan,1,NoPoke_Regular_(incorrect),Left,255,222,155,55806201,nan,nan,nan
8/27/2026 5:04:12,1.17.3,StopSig,18,4.04,nan,1,>Left_Regular_trial,Left,256,222,155,55873932,nan,nan,nan
8/27/2026 5:04:15,1.17.3,StopSig,18,4.04,nan,1,NoPoke_Regular_(incorrect),Left,256,222,155,55877193,nan,nan,nan
8/27/2026 5:04:47,1.17.3,StopSig,18,4.04,nan,1,>Left_Regular_trial,Left,257,222,155,55908856,nan,nan,nan
8/27/2026 5:04:48,1.17.3,StopSig,18,4.03,nan,1,Right_Regular_(correct),Left,257,223,155,55910490,nan,nan,nan
8/27/2026 5:04:49,1.17.3,StopSig,18,4.04,1,1,Pellet,Left,257,223,156,55910490,0.41,348,nan
8/27/2026 5:09:24,1.17.3,StopSig,18,4.03,nan,1,Right_no_left,Left,257,224,156,55910490,nan,nan,nan
8/27/2026 5:09:34,1.17.3,StopSig,18,4.04,nan,1,>Left_Regular_trial,Left,258,224,156,56196506,nan,nan,nan
8/27/2026 5:09:38,1.17.3,StopSig,18,4.03,nan,1,NoPoke_Regular_(incorrect),Left,258,224,156,56200218,nan,nan,nan
8/27/2026 5:14:24,1.17.3,StopSig,18,4.04,nan,1,>Left_Regular_trial,Left,259,224,156,56486532,nan,nan,nan
8/27/2026 5:14:25,1.17.3,StopSig,18,4.04,nan,1,Right_Regular_(correct),Left,259,225,156,56487430,nan,nan,nan
8/27/2026 5:14:28,1.17.3,StopSig,18,4.03,1,1,Pellet,Left,259,225,157,56487430,1.73,578,nan
8/27/2026 5:19:51,1.17.3,StopSig,18,4.03,nan,1,>Left_Regular_trial,Left,260,225,157,56813322,nan,nan,nan
8/27/2026 5:19:52,1.17.3,StopSig,18,4.03,nan,1,Right_Regular_(correct),Left,260,226,157,56814218,nan,nan,nan
8/27/2026 5:19:53,1.17.3,StopSig,18,4.04,1,1,Pellet,Left,260,226,158,56814218,0.41,326,nan
8/27/2026 5:20:44,1.17.3,StopSig,18,4.03,nan,1,>Left_Regular_trial,Left,261,226,158,56866400,nan,nan,nan
8/27/2026 5:20:48,1.17.3,StopSig,18,4.04,nan,1,NoPoke_Regular_(incorrect),Left,261,226,158,56870255,nan,nan,nan
8/27/2026 5:21:58,1.17.3,StopSig,18,4.03,nan,1,Right_no_left,Left,261,227,158,56870255,nan,nan,nan
8/27/2026 5:21:59,1.17.3,StopSig,18,4.04,nan,1,Right_no_left,Left,261,228,158,56941069,nan,nan,nan
8/27/2026 5:23:59,1.17.3,StopSig,18,4.04,nan,1,>Left_Regular_trial,Left,262,228,158,57061414,nan,nan,nan
8/27/2026 5:24:03,1.17.3,StopSig,18,4.04,nan,1,NoPoke_Regular_(incorrect),Left,262,228,158,57065273,nan,nan,nan
8/27/2026 5:24:45,1.17.3,StopSig,18,4.04,nan,1,Right_no_left,Left,262,229,158,57065273,nan,nan,nan
8/27/2026 5:24:45,1.17.3,StopSig,18,4.03,nan,1,Right_no_left,Left,262,230,158,57107300,nan,nan,nan
8/27/2026 5:24:47,1.17.3,StopSig,18,4.03,nan,1,Right_no_left,Left,262,231,158,57107752,nan,nan,nan
8/27/2026 5:24:47,1.17.3,StopSig,18,4.04,nan,1,Right_no_left,Left,262,232,158,57109240,nan,nan,nan
8/27/2026 5:25:38,1.17.3,StopSig,18,4.04,nan,1,>Left_Regular_trial,Left,263,232,158,57160423,nan,nan,nan
8/27/2026 5:25:42,1.17.3,StopSig,18,4.03,nan,1,NoPoke_Regular_(incorrect),Left,263,232,158,57164278,nan,nan,nan
8/27/2026 5:26:26,1.17.3,StopSig,18,4.04,nan,1,>Left_Regular_trial,Left,264,232,158,57208072,nan,nan,nan
8/27/2026 5:26:27,1.17.3,StopSig,18,4.04,nan,1,Right_Regular_(correct),Left,264,233,158,57209116,nan,nan,nan
8/27/2026 5:26:28,1.17.3,StopSig,18,4.03,1,1,Pellet,Left,264,233,159,57209116,0.35,395,nan
8/27/2026 5:27:58,1.17.3,StopSig,18,4.03,nan,1,>Left_Regular_trial,Left,265,233,159,57300218,nan,nan,nan
8/27/2026 5:27:59,1.17.3,StopSig,18,4.03,nan,1,Right_Regular_(correct),Left,265,234,159,57301705,nan,nan,nan
8/27/2026 5:28:00,1.17.3,StopSig,18,4.03,1,1,Pellet,Left,265,234,160,57301705,0.47,92,nan
8/27/2026 5:29:13,1.17.3,StopSig,18,4.03,nan,1,Right_no_left,Left,265,235,160,57301705,nan,nan,nan
8/27/2026 5:32:32,1.17.3,StopSig,18,4.04,nan,1,>Left_Regular_trial,Left,266,235,160,57574568,nan,nan,nan
8/27/2026 5:32:36,1.17.3,StopSig,18,4.03,nan,1,NoPoke_Regular_(incorrect),Left,266,235,160,57578278,nan,nan,nan
8/27/2026 5:33:28,1.17.3,StopSig,18,4.03,nan,1,>Left_Regular_trial,Left,267,235,160,57630500,nan,nan,nan
8/27/2026 5:33:32,1.17.3,StopSig,18,4.04,nan,1,NoPoke_Regular_(incorrect),Left,267,235,160,57634205,nan,nan,nan
8/27/2026 5:36:05,1.17.3,StopSig,18,4.03,nan,1,Right_no_left,Left,267,236,160,57634205,nan,nan,nan
8/27/2026 5:36:13,1.17.3,StopSig,18,4.04,nan,1,Right_no_left,Left,267,237,160,57787663,nan,nan,nan
8/27/2026 5:37:01,1.17.3,StopSig,18,4.03,nan,1,Right_no_left,Left,267,238,160,57795953,nan,nan,nan
8/27/2026 5:37:30,1.17.3,StopSig,18,4.03,nan,1,>Left_Regular_trial,Left,268,238,160,57871922,nan,nan,nan
8/27/2026 5:37:31,1.17.3,StopSig,18,4.04,nan,1,Right_Regular_(correct),Left,268,239,160,57873706,nan,nan,nan
8/27/2026 5:37:33,1.17.3,StopSig,18,4.04,1,1,Pellet,Left,268,239,161,57873706,0.65,573,nan
8/27/2026 5:38:03,1.17.3,StopSig,18,4.03,nan,1,>Left_Regular_trial,Left,269,239,161,57905711,nan,nan,nan
8/27/2026 5:38:04,1.17.3,StopSig,18,4.03,nan,1,Right_Regular_(correct),Left,269,240,161,57906607,nan,nan,nan
8/27/2026 5:38:05,1.17.3,StopSig,18,4.03,1,1,Pellet,Left,269,240,162,57906607,0.35,32,nan
8/27/2026 5:38:28,1.17.3,StopSig,18,4.04,nan,1,>Left_Regular_trial,Left,270,240,162,57930498,nan,nan,nan
8/27/2026 5:38:29,1.17.3,StopSig,18,4.03,nan,1,Right_Regular_(correct),Left,270,241,162,57931542,nan,nan,nan
8/27/2026 5:38:30,1.17.3,StopSig,18,4.04,2,1,Pellet,Left,270,241,163,57931542,0.41,25,nan
8/27/2026 5:50:12,1.17.3,StopSig,18,4.04,nan,1,>Left_Regular_trial,Left,271,241,163,58634237,nan,nan,nan
8/27/2026 5:50:16,1.17.3,StopSig,18,4.03,nan,1,NoPoke_Regular_(incorrect),Left,271,241,163,58638229,nan,nan,nan
8/27/2026 5:50:48,1.17.3,StopSig,18,4.03,nan,1,>Left_Regular_trial,Left,272,241,163,58670479,nan,nan,nan
8/27/2026 5:50:52,1.17.3,StopSig,18,4.04,nan,1,NoPoke_Regular_(incorrect),Left,272,241,163,58674327,nan,nan,nan
8/27/2026 5:51:52,1.17.3,StopSig,18,4.03,nan,1,>Left_Regular_trial,Left,273,241,163,58734607,nan,nan,nan
8/27/2026 5:51:56,1.17.3,StopSig,18,4.04,nan,1,NoPoke_Regular_(incorrect),Left,273,241,163,58738306,nan,nan,nan
8/27/2026 5:54:15,1.17.3,StopSig,18,4.03,nan,1,>Left_Regular_trial,Left,274,241,163,58877135,nan,nan,nan
8/27/2026 5:54:19,1.17.3,StopSig,18,4.03,nan,1,NoPoke_Regular_(incorrect),Left,274,241,163,58881277,nan,nan,nan
8/27/2026 5:55:35,1.17.3,StopSig,18,4.03,nan,1,>Left_Regular_trial,Left,275,241,163,58957505,nan,nan,nan
8/27/2026 5:55:39,1.17.3,StopSig,18,4.03,nan,1,NoPoke_Regular_(incorrect),Left,275,241,163,58961366,nan,nan,nan
8/27/2026 7:49:43,1.17.3,StopSig,18,4.03,nan,1,Right_no_left,Left,275,242,163,58961366,nan,nan,nan
8/27/2026 7:49:48,1.17.3,StopSig,18,4.03,nan,1,Right_no_left,Left,275,243,163,65806411,nan,nan,nan
8/27/2026 7:49:50,1.17.3,StopSig,18,4.03,nan,1,>Left_Regular_trial,Left,276,243,163,65812621,nan,nan,nan
8/27/2026 7:49:51,1.17.3,StopSig,18,4.03,nan,1,Right_Regular_(correct),Left,276,244,163,65814108,nan,nan,nan
8/27/2026 7:49:52,1.17.3,StopSig,18,4.02,1,1,Pellet,Left,276,244,164,65814108,0.29,7882,nan
8/27/2026 7:50:14,1.17.3,StopSig,18,4.03,nan,1,Right_no_left,Left,276,245,164,65814108,nan,nan,nan
8/27/2026 7:50:19,1.17.3,StopSig,18,4.03,nan,1,Right_no_left,Left,276,246,164,65836480,nan,nan,nan
8/27/2026 7:50:28,1.17.3,StopSig,18,4.03,nan,1,>Left_Regular_trial,Left,277,246,164,65851111,nan,nan,nan
8/27/2026 7:50:32,1.17.3,StopSig,18,4.03,nan,1,NoPoke_Regular_(incorrect),Left,277,246,164,65854515,nan,nan,nan
8/27/2026 7:51:09,1.17.3,StopSig,18,4.02,nan,1,Right_no_left,Left,277,247,164,65854515,nan,nan,nan
8/27/2026 7:51:09,1.17.3,StopSig,18,4.03,nan,1,Right_no_left,Left,277,248,164,65891497,nan,nan,nan
8/27/2026 7:51:10,1.17.3,StopSig,18,4.02,nan,1,Right_no_left,Left,277,249,164,65892391,nan,nan,nan
8/27/2026 7:51:11,1.17.3,StopSig,18,4.03,nan,1,Right_no_left,Left,277,250,164,65893286,nan,nan,nan
8/27/2026 7:51:13,1.17.3,StopSig,18,4.03,nan,1,Right_no_left,Left,277,251,164,65894180,nan,nan,nan
8/27/2026 7:51:15,1.17.3,StopSig,18,4.03,nan,1,>Left_Regular_trial,Left,278,251,164,65898026,nan,nan,nan
8/27/2026 7:51:18,1.17.3,StopSig,18,4.03,nan,1,Right_Regular_(correct),Left,278,252,164,65901133,nan,nan,nan
8/27/2026 7:51:24,1.17.3,StopSig,18,4.03,1,1,Pellet,Left,278,252,165,65901133,5.27,92,nan
8/27/2026 7:52:00,1.17.3,StopSig,18,4.03,nan,1,Right_no_left,Left,278,253,165,65901133,nan,nan,nan
8/27/2026 7:52:05,1.17.3,StopSig,18,4.03,nan,1,Right_no_left,Left,278,254,165,65942995,nan,nan,nan
8/27/2026 7:52:10,1.17.3,StopSig,18,4.03,nan,1,Right_no_left,Left,278,255,165,65947736,nan,nan,nan
8/27/2026 7:52:20,1.17.3,StopSig,18,4.03,nan,1,Right_no_left,Left,278,256,165,65953359,nan,nan,nan
8/27/2026 7:52:24,1.17.3,StopSig,18,4.03,nan,1,>Left_Regular_trial,Left,279,256,165,65966522,nan,nan,nan
8/27/2026 7:52:25,1.17.3,StopSig,18,4.03,nan,1,Right_Regular_(correct),Left,279,257,165,65967861,nan,nan,nan
8/27/2026 7:52:26,1.17.3,StopSig,18,4.03,2,1,Pellet,Left,279,257,166,65967861,0.23,62,nan
8/27/2026 7:52:47,1.17.3,StopSig,18,4.03,nan,1,Right_no_left,Left,279,258,166,65967861,nan,nan,nan
8/27/2026 7:52:48,1.17.3,StopSig,18,4.03,nan,1,Right_no_left,Left,279,259,166,65990412,nan,nan,nan
8/27/2026 7:52:48,1.17.3,StopSig,18,4.03,nan,1,Right_no_left,Left,279,260,166,65990864,nan,nan,nan
8/27/2026 7:52:49,1.17.3,StopSig,18,4.03,nan,1,Right_no_left,Left,279,261,166,65991317,nan,nan,nan
8/27/2026 7:52:50,1.17.3,StopSig,18,4.03,nan,1,Right_no_left,Left,279,262,166,65992065,nan,nan,nan
8/27/2026 7:52:51,1.17.3,StopSig,18,4.02,nan,1,Right_no_left,Left,279,263,166,65992668,nan,nan,nan
8/27/2026 7:52:51,1.17.3,StopSig,18,4.03,nan,1,Right_no_left,Left,279,264,166,65993564,nan,nan,nan
8/27/2026 7:52:55,1.17.3,StopSig,18,4.03,nan,1,Right_no_left,Left,279,265,166,65994312,nan,nan,nan
8/27/2026 7:52:57,1.17.3,StopSig,18,4.03,nan,1,Right_no_left,Left,279,266,166,65998163,nan,nan,nan
8/27/2026 7:52:57,1.17.3,StopSig,18,4.03,nan,1,Right_no_left,Left,279,267,166,65999946,nan,nan,nan
8/27/2026 7:52:58,1.17.3,StopSig,18,4.03,nan,1,Right_no_left,Left,279,268,166,66000402,nan,nan,nan
8/27/2026 7:53:00,1.17.3,StopSig,18,4.03,nan,1,>Left_Regular_trial,Left,280,268,166,66002335,nan,nan,nan
8/27/2026 7:53:03,1.17.3,StopSig,18,4.03,nan,1,NoPoke_Regular_(incorrect),Left,280,268,166,66005600,nan,nan,nan
8/27/2026 7:54:09,1.17.3,StopSig,18,4.03,nan,1,Right_no_left,Left,280,269,166,66005600,nan,nan,nan
8/27/2026 7:54:10,1.17.3,StopSig,18,4.03,nan,1,Right_no_left,Left,280,270,166,66072186,nan,nan,nan
