Mouse_ID,Genotype,Gene,Sex,Pellets,Left_Poke,Right_Poke,Total_Pokes,Accuracy,PokesPerPellet,RetrievalTime,InterPelletInterval,PokeTime,%MealPellets,%GrazingPellets,NumMeals,AvgMealSize,AvgMealDuration,RecordingHours,MealsPerHour,Daily_Pellets,Left Poke with Pellet,Within_meal_pellet_rate,%MealPellets_Day,%GrazingPellets_Day,Pellets_Day,NumMeals_Day,AvgMealSize_Day,AvgMealDuration_Day,MealsPerHour_Day,Accuracy_Day,%MealPellets_Night,%GrazingPellets_Night,Pellets_Night,NumMeals_Night,AvgMealSize_Night,AvgMealDuration_Night,MealsPerHour_Night,Accuracy_Night,Weight
MYT1L_001_1_1,Wt,MYT1L,F,184,184,112,296,62.16216216,1.608695652,0.69,21.98636364,0.17,54.34782609,45.65217391,22,4.545454545,77.86363636,23.85722222,0.922152621,183.0108096,53,20.99828598,55.35714286,44.64285714,56,6,5.166666667,99.5,0.251496169,68.6746988,53.90625,46.09375,128,16,4.3125,69.75,1.372147315,59.62441315,19.53
MYT1L_001_1_2,Het,MYT1L,M,175,175,72,247,70.85020243,1.411428571,0.5,22.31,0.09,41.71428571,58.28571429,20,3.65,59.55,24.1475,0.828243089,171.4616196,39,21.01200663,52.45901639,47.54098361,61,9,3.555555556,65.55555556,0.37270939,67.03296703,35.96491228,64.03508772,114,11,3.727272727,54.63636364,0.922969351,73.07692308,22.31
MYT1L_001_1_3,Wt,MYT1L,M,173,173,92,265,65.28301887,1.531791908,0.69,21.87154235,0.09,64.73988439,35.26011561,15,7.466666667,135.6666667,24.50833333,0.612036722,168.7195232,7,20.85175504,68.57142857,31.42857143,70,7,6.857142857,123.4285714,0.285617137,70.70707071,62.13592233,37.86407767,103,8,8,146.375,0.711796545,62.04819277,24.56
MYT1L_001_1_4,Wt,MYT1L,F,186,186,90,276,67.39130435,1.483870968,0.56,25.345671,0.14,70.43010753,29.56989247,20,6.55,136.95,24.07833333,0.830622275,184.9468305,12,22.34655446,64.28571429,35.71428571,56,6,6,126.3333333,0.249186682,73.68421053,73.07692308,26.92307692,130,14,6.785714286,141.5,1.192306782,65,19.74
MYT1L_001_10_42,Wt,MYT1L,F,202,202,117,319,63.32288401,1.579207921,0.82,25.75074265,0.16,80.69306931,19.30693069,29,5.620689655,119.4482759,24.0475,1.205946564,200.9094153,46,24.38915642,81.15942029,18.84057971,69,10,5.6,127.5,0.415843643,47.91666667,80.45112782,19.54887218,133,19,5.631578947,115.2105263,1.598653765,76,21.56
MYT1L_001_10_44,Wt,MYT1L,M,214,214,43,257,83.26848249,1.200934579,0.5,26.77677778,0.18,73.36448598,26.63551402,25,6.28,141.72,23.61972222,1.058437511,216.0706773,13,22.92902428,78.26086957,21.73913043,69,9,6,132.1111111,0.381037504,94.59459459,69.65517241,30.34482759,145,16,6.3125,143.25,1.334414456,78.68852459,28.15
MYT1L_001_12_45,Wt,MYT1L,M,189,189,15,204,92.64705882,1.079365079,0.69,26.68818428,0.06,84.65608466,15.34391534,23,6.956521739,147.4347826,22.36861111,1.028226558,201.7270133,10,18.75914903,79.16666667,20.83333333,48,7,5.428571429,104,0.312938518,76.19047619,86.5248227,13.4751773,141,16,7.625,166.4375,1.511572981,100,26.37
MYT1L_001_12_46,Het,MYT1L,F,188,189,93,282,67.0212766,1.5,0.56,17.80869565,0.11,52.12765957,47.87234043,23,4.260869565,57.73913043,23.65333333,0.972378805,186.2709571,21,15.21713745,36.36363636,63.63636364,44,4,4,73,0.169109357,60,56.94444444,43.05555556,144,19,4.315789474,54.52631579,1.590401786,69.56521739,18.53
MYT1L_001_12_47,Het,MYT1L,M,195,195,45,240,81.25,1.230769231,0.56,27.89266667,0.14,66.66666667,33.33333333,25,5.2,116.36,24.5375,1.018848701,190.4761905,24,25.08386833,68.83116883,31.16883117,77,10,5.3,123.4,0.40753948,88.50574713,65.25423729,34.74576271,118,15,5.133333333,111.6666667,1.296020736,77.12418301,21.68
MYT1L_001_12_48,Wt,MYT1L,F,137,137,109,246,55.69105691,1.795620438,1.51,23.63666667,0.135,60.58394161,39.41605839,20,4.15,74,22.47277778,0.889965637,145.6693495,42,20.68536542,59.09090909,40.90909091,44,6,4.333333333,83,0.266989691,67.69230769,61.29032258,38.70967742,93,14,4.071428571,70.14285714,1.236840168,51.38121547,19.31
MYT1L_001_12_51,Het,MYT1L,F,187,187,134,321,58.25545171,1.71657754,0.88,23.05466667,0.1,57.21925134,42.78074866,25,4.28,76.8,24.03027778,1.040354183,184.7230321,13,20.26727692,59.67741935,40.32258065,62,8,4.625,94.375,0.332913338,68.13186813,56,44,125,17,4.117647059,68.52941176,1.452887971,54.34782609,18.9
MYT1L_001_12_52,Het,MYT1L,M,197,197,76,273,72.16117216,1.385786802,1,26.40666667,0.18,52.79187817,47.20812183,25,4.16,84.12,24.72416667,1.011156426,191.0624684,34,24.0671362,77.77777778,22.22222222,72,13,4.307692308,97.46153846,0.525801341,85.71428571,38.4,61.6,125,12,4,69.66666667,1.083548622,66.13756614,25.33
MYT1L_001_2_10,Het,MYT1L,M,207,207,50,257,80.54474708,1.241545894,0.75,28.87820513,0.12,27.0531401,72.9468599,13,4.307692308,89.76923077,24.45472222,0.53159467,202.9503881,63,20.89817685,49.09090909,50.90909091,55,5,5.4,104.6,0.204459489,83.33333333,19.07894737,80.92105263,152,8,3.625,80.5,0.676342116,79.58115183,25.22
MYT1L_001_2_5,Het,MYT1L,F,140,140,60,200,70,1.428571429,1.13,26.03148148,0.16,23.57142857,76.42857143,9,3.666666667,71.66666667,21.9575,0.409882728,152.521215,48,18.7125327,54.54545455,45.45454545,33,4,4.5,102.25,0.182170101,68.75,14.01869159,85.98130841,107,5,3,47.2,0.429286907,70.39473684,18.67
MYT1L_001_2_6,Wt,MYT1L,F,197,198,62,260,76.15384615,1.319796954,0.63,22.10679012,0.1,82.23350254,17.76649746,27,6,102.7407407,23.97722222,1.126068723,196.2798529,67,18.41262423,69.6969697,30.3030303,66,9,5.111111111,90.55555556,0.375356241,80.72289157,88.54961832,11.45038168,131,18,6.444444444,108.8333333,1.547499642,74.01129944,21.59
MYT1L_001_2_8,Het,MYT1L,F,145,145,67,212,68.39622642,1.462068966,0.94,20.9625731,0.09,64.82758621,35.17241379,19,4.947368421,88.26315789,24.155,0.786586628,143.6285469,169,17.7622138,60.46511628,39.53488372,43,4,6.5,166.75,0.165597185,66.66666667,66.66666667,33.33333333,102,15,4.533333333,67.33333333,1.290445921,69.12751678,19.09
MYT1L_001_2_9,Wt,MYT1L,M,188,188,32,220,85.45454545,1.170212766,0.88,26.60185185,0.1,69.14893617,30.85106383,24,5.416666667,117.5,24.49111111,0.979947373,183.3525229,65,25.93798778,76.05633803,23.94366197,71,10,5.4,132.8,0.408311405,92.20779221,63.24786325,36.75213675,117,14,5.285714286,102.6428571,1.176113691,81.81818182,24.43
MYT1L_001_3_18,Het,MYT1L,M,205,205,89,294,69.72789116,1.434146341,0.34,20.92966667,0.11,61.95121951,38.04878049,25,5.08,84.72,24.51888889,1.01962206,199.9616153,36,20.18249289,72.30769231,27.69230769,65,10,4.7,91.6,0.407848824,66.32653061,57.14285714,42.85714286,140,15,5.333333333,80.13333333,1.252783964,71.42857143,26.58
MYT1L_001_3_19,Wt,MYT1L,M,202,202,40,242,83.47107438,1.198019802,1.01,24.36763039,0.15,79.20792079,20.79207921,28,5.714285714,113.8928571,24.39944444,1.147567112,198.5416074,17,23.00283553,86.56716418,13.43283582,67,11,5.272727273,118.3636364,0.450829937,87.01298701,75.55555556,24.44444444,135,17,6,111,1.451647335,81.81818182,26.88
MYT1L_001_3_20,Het,MYT1L,M,218,218,58,276,78.98550725,1.266055046,0.56,26.21479592,0.11,75.68807339,24.31192661,28,5.892857143,126.75,24.53888889,1.141045959,213.0678733,12,23.82973195,75.82417582,24.17582418,91,11,6.272727273,146.9090909,0.448268055,75.20661157,75.59055118,24.40944882,127,17,5.647058824,113.7058824,1.470764942,81.93548387,25.22
MYT1L_001_5_22,Wt,MYT1L,M,211,211,61,272,77.57352941,1.289099526,0.56,27.08701997,0.07,79.62085308,20.37914692,31,5.419354839,115,24.05138889,1.288906855,210.374234,11,23.10732118,80.68181818,19.31818182,88,12,5.916666667,133.1666667,0.498931686,73.94957983,78.86178862,21.13821138,123,19,5.105263158,103.5263158,1.628842902,80.39215686,26.44
MYT1L_001_5_23,Wt,MYT1L,F,158,158,75,233,67.8111588,1.474683544,0.75,21.42752715,0.2,65.82278481,34.17721519,19,5.473684211,94.21052632,23.81,0.79798404,158.9418778,29,20.1539032,64.1509434,35.8490566,53,6,5.666666667,104.5,0.25199496,55.31914894,66.66666667,33.33333333,105,13,5.384615385,89.46153846,1.136805286,76.25899281,19.15
MYT1L_001_5_24,Het,MYT1L,F,171,172,133,305,56.39344262,1.783625731,0.44,24.88181818,0.12,26.9005848,73.0994152,11,4.181818182,82,22.66638889,0.485300065,179.5690169,22,20.34022206,69.23076923,30.76923077,39,6,4.5,106.5,0.264709126,45.97701149,14.39393939,85.60606061,132,5,3.8,52.6,0.420511622,60.55045872,18.96
MYT1L_001_5_25,Het,MYT1L,M,184,184,106,290,63.44827586,1.576086957,0.69,25.95952381,0.11,46.73913043,53.26086957,19,4.526315789,89.73684211,23.9975,0.791749141,183.8574254,22,21.50216225,60.6557377,39.3442623,61,8,4.625,102.75,0.333368059,64.21052632,39.83739837,60.16260163,123,11,4.454545455,80.27272727,1.028197539,63.07692308,22.08
MYT1L_001_5_26,Wt,MYT1L,M,223,223,40,263,84.79087452,1.179372197,0.75,24.56100088,0.1,80.71748879,19.28251121,36,5,97.86111111,24.32333333,1.480060299,220.0306055,6,22.15019304,82.43243243,17.56756757,74,13,4.692307692,95.53846154,0.534466219,90.24390244,79.86577181,20.13422819,149,23,5.173913043,99.17391304,1.957539364,82.32044199,24.94
MYT1L_001_5_27,Wt,MYT1L,F,191,191,121,312,61.21794872,1.633507853,0.82,27.7690288,0.19,67.01570681,32.98429319,23,5.565217391,122.4782609,24.05388889,0.956186341,190.2140461,48,23.56832001,68.65671642,31.34328358,67,9,5.111111111,125.6666667,0.374159873,62.03703704,66.12903226,33.87096774,124,14,5.857142857,120.4285714,1.220604974,60.78431373,19.69
MYT1L_001_5_28,Het,MYT1L,F,164,164,114,278,58.99280576,1.695121951,0.88,19.33333333,0.155,16.46341463,83.53658537,7,3.857142857,56.28571429,24.19888889,0.28926948,162.2089429,86,19.62148859,28.20512821,71.79487179,39,2,5.5,94.5,0.082648423,71.42857143,12.8,87.2,125,5,3.2,41,0.424758713,55.85585586,18.25
MYT1L_001_7_30,Wt,MYT1L,M,205,205,36,241,85.06224066,1.175609756,0.37,21.97665079,0.17,73.65853659,26.34146341,25,6.04,105.76,24.15111111,1.035149061,203.1355728,6,17.94352953,65.57377049,34.42622951,61,7,5.714285714,104.7142857,0.289841737,85.91549296,77.08333333,22.91666667,144,18,6.166666667,106.1666667,1.566579634,84.70588235,27.54
MYT1L_001_7_32,Wt,MYT1L,F,187,188,119,307,61.23778502,1.64171123,0.5,24.7618046,0.15,78.60962567,21.39037433,19,7.736842105,159.3157895,20.765,0.915001204,215.6511525,5,21.64179917,72.54901961,27.45098039,51,5,7.4,156.2,0.240789791,61.17647059,80.14705882,19.85294118,136,14,7.785714286,158.8571429,1.182543407,61.26126126,20.89
MYT1L_001_8_33,Het,MYT1L,M,184,184,84,268,68.65671642,1.456521739,0.56,22.07995238,0.18,65.2173913,34.7826087,25,4.8,86.08,23.12611111,1.08102914,185.9390168,12,21.31558505,85.96491228,14.03508772,57,8,6.125,127.75,0.345929325,75.32467532,55.90551181,44.09448819,127,17,4.176470588,66.47058824,1.434901878,65.96858639,25.49
MYT1L_001_8_34,Wt,MYT1L,M,231,231,71,302,76.49006623,1.307359307,0.63,22.83047619,0.15,72.72727273,27.27272727,35,4.8,83.8,24.18611111,1.447111519,227.490226,119,21.67589878,84.88372093,15.11627907,86,17,4.294117647,78.11764706,0.702882738,72.64957265,65.51724138,34.48275862,145,19,5,83.21052632,1.598765865,78.91891892,24.07
MYT1L_001_8_36,Wt,MYT1L,M,199,199,106,305,65.24590164,1.532663317,0.94,26.64960317,0.17,57.28643216,42.71356784,24,4.75,97.5,23.62388889,1.015920796,193.8683234,28,23.30880345,74.13793103,25.86206897,58,8,5.375,119.625,0.338640265,71.25,50.35460993,49.64539007,141,16,4.4375,86.4375,1.365543728,63.11111111,26.85
MYT1L_001_8_37,Het,MYT1L,M,216,216,53,269,80.29739777,1.24537037,0.44,24.96866667,0.12,70.37037037,29.62962963,25,6.08,123.44,24.46277778,1.021960802,211.7334725,8,21.92198303,77.17391304,22.82608696,92,12,5.916666667,119.1666667,0.490541185,92,65.32258065,34.67741935,124,13,6.230769231,127.3846154,1.110794645,73.37278107,25.25
MYT1L_001_8_39,Het,MYT1L,F,144,144,64,208,69.23076923,1.444444444,0.75,25.38444444,0.11,43.75,56.25,15,4.2,82.26666667,23.84027778,0.6291873,144.1217696,19,20.63390462,48.57142857,51.42857143,35,3,5.666666667,150.6666667,0.12583746,81.39534884,42.20183486,57.79816514,109,12,3.833333333,65.16666667,1.006312749,66.06060606,19.07
MYT1L_001_8_41,Wt,MYT1L,F,185,185,50,235,78.72340426,1.27027027,1.07,28.88818448,0.13,81.62162162,18.37837838,19,7.947368421,189.1052632,21.55972222,0.88127295,205.9369202,19,23.6065117,87.5,12.5,56,6,8.166666667,198.6666667,0.278296721,82.08955224,79.06976744,20.93023256,129,13,7.846153846,184.6923077,1.130953819,77.38095238,19.03
MYT1L_001_9_11,Wt,MYT1L,F,188,189,50,239,79.07949791,1.271276596,0.94,20.7191232,0.1,55.31914894,44.68085106,21,4.952380952,82.66666667,19.16611111,1.095683933,235.0374047,33,17.70960288,55.81395349,44.18604651,43,4,6,119.5,0.208701701,95.65217391,55.17241379,44.82758621,145,17,4.705882353,74,1.433691756,75.12953368,19.05
MYT1L_001_9_12,Het,MYT1L,F,155,155,51,206,75.24271845,1.329032258,0.88,21.25066667,0.09,66.4516129,33.5483871,25,4.12,65.04,24.23583333,1.031530447,153.2633699,8,19.25158905,57.37704918,42.62295082,61,9,3.888888889,72.88888889,0.371350961,78.94736842,72.34042553,27.65957447,94,16,4.25,60.625,1.352144417,73.07692308,19.64
MYT1L_001_9_13,Het,MYT1L,F,180,180,131,311,57.8778135,1.727777778,0.75,21.29090909,0.14,52.77777778,47.22222222,22,4.318181818,70.22727273,25.19444444,0.873208379,171.1116979,72,18.50343598,48.8372093,51.1627907,43,5,4.2,77.2,0.19845645,57.33333333,54.01459854,45.98540146,137,17,4.352941176,68.17647059,1.473633518,58.05084746,19.63
MYT1L_001_9_14,Het,MYT1L,F,162,163,52,215,75.81395349,1.327160494,0.69,25.18452381,0.11,29.01234568,70.98765432,14,3.357142857,59.85714286,23.85611111,0.586851727,161.2255947,142,26.19904778,43.5483871,56.4516129,62,8,3.375,71.75,0.335343844,82.89473684,20,80,100,6,3.333333333,44,0.515894815,71.94244604,19.04
MYT1L_001_9_17,Het,MYT1L,M,164,164,59,223,73.5426009,1.359756098,0.94,28.81349206,0.11,49.3902439,50.6097561,21,3.857142857,82.61904762,24.60638889,0.85343689,159.5837416,47,23.39507125,80.70175439,19.29824561,57,11,4.181818182,103.4545455,0.447038371,77.77777778,32.71028037,67.28971963,107,10,3.5,59.7,0.851204691,71.52317881,22.65
