Mouse_ID,Genotype,Gene,Sex,Win-stay,Lose-shift,PeakAccuracy,TotalAccuracy,Total_pellets,Total_pokes,PokesPerPellet,RetrievalTime,PokeTime,Daily_Pellets,Inactive_Pokes,Active_Pokes,Weight,Left Poke with Pellet,MealPellets_Total,%MealPellets,%GrazingPellets,NumMeals,AvgMealSize,AvgMealDuration,MealsPerHour,InterPelletInterval
MYT1L_001_10_42,Wt,MYT1L,F,0.7748815165876777,0.45098039215686275,0.7857142857142857,61.66842661034847,584,950,1.6267123287671232,1.26,0.14,193.21975484508368,363,584,20.63,50,584,58.73287671232877,41.26712328767123,74.0,4.635135135135135,99.67567567567568,1.0864245864735245,27.948873873873875
MYT1L_001_10_44,Wt,MYT1L,M,0.7667560321715817,0.37662337662337664,0.7407407407407407,59.17721518987342,560,952,1.7,1.13,0.13,186.35248443018523,387,561,27.35,46,560,63.392857142857146,36.607142857142854,62.0,5.725806451612903,150.56451612903226,0.8774654144176375,34.15775816925011
MYT1L_001_12_45,Wt,MYT1L,M,0.7917737789203085,0.4421052631578947,0.7423076923076923,61.19235095613048,543,888,1.6353591160220995,1.01,0.14,181.10974106041925,345,544,25.5,35,544,67.27941176470588,32.720588235294116,66.0,5.545454545454546,114.51515151515152,0.9772268309636131,25.707467532467533
MYT1L_001_12_46,Het,MYT1L,F,0.5338345864661654,0.5327102803738317,0.573076923076923,51.640926640926644,535,1044,1.9514018691588786,1.2,0.15,176.85070760943177,501,535,19.32,66,535,38.691588785046726,61.308411214953274,53.0,3.9056603773584904,78.75471698113208,0.8171831166884381,27.7125786163522
MYT1L_001_12_47,Het,MYT1L,M,0.5738498789346247,0.42913385826771655,0.6379310344827587,49.958088851634535,595,1207,2.0285714285714285,1.2,0.16,200.1788199438661,597,596,21.13,87,596,40.604026845637584,59.395973154362416,57.0,4.245614035087719,105.21052631578948,0.7981081879988177,33.58308966861599
MYT1L_001_12_48,Wt,MYT1L,F,0.7103064066852368,0.48484848484848486,0.6916666666666667,56.67420814479638,501,887,1.7704590818363273,1.83,0.13,166.52906710575417,383,501,20.23,86,501,52.09580838323353,47.90419161676647,58.0,4.5,94.56896551724138,0.9082920802846678,28.260385878489327
MYT1L_001_12_51,Het,MYT1L,F,0.649171270718232,0.4583333333333333,0.6933333333333334,52.22222222222223,610,1179,1.9327868852459016,1.1,0.09,201.9309331823676,559,611,18.35,152,611,48.772504091653026,51.227495908346974,71.0,4.197183098591549,85.02816901408451,0.9837807046579476,26.922691705790296
MYT1L_001_12_52,Het,MYT1L,M,0.7852028639618138,0.4144144144144144,0.710344827586207,58.70841487279843,600,1033,1.7216666666666667,1.83,0.13,200.2479923052855,422,600,24.3,98,600,50.833333333333336,49.166666666666664,59.0,5.169491525423729,117.08474576271186,0.8426799125580732,28.613633306429918
MYT1L_001_1_1,Wt,MYT1L,F,0.6447058823529411,0.40588235294117647,0.6413793103448275,50.0,591,1189,2.011844331641286,0.88,0.17,198.90385986233974,592,592,20.07,53,591,45.346869712351946,54.653130287648054,61.0,4.39344262295082,93.73770491803279,0.9386099511461213,28.34267499349466
MYT1L_001_1_2,Het,MYT1L,M,0.6136363636363636,0.4948453608247423,0.6103448275862069,53.950953678474114,593,1112,1.8752107925801011,0.95,0.11,199.1525029103609,507,594,23.84,47,594,42.92929292929293,57.07070707070707,69.0,3.6956521739130435,83.3768115942029,0.9653349914503343,31.18067632850242
MYT1L_001_1_3,Wt,MYT1L,M,0.7522727272727273,0.5454545454545454,0.7535714285714286,62.691466083150985,572,923,1.6136363636363635,1.01,0.1,193.56291639298115,341,573,24.52,111,573,65.44502617801047,34.55497382198953,70.0,5.357142857142857,107.64285714285714,1.0293907395682278,25.37426303854875
MYT1L_001_1_4,Wt,MYT1L,F,0.776255707762557,0.5411764705882353,0.6965517241379311,62.76150627615063,600,963,1.605,0.98,0.13,198.4473333639579,356,600,19.48,156,600,58.0,42.0,69.0,5.043478260869565,104.97101449275362,1.0394088257693048,27.546296296296298
MYT1L_001_2_10,Het,MYT1L,M,0.5394190871369294,0.48633879781420764,0.6333333333333334,48.6810551558753,609,1260,2.0689655172413794,0.88,0.13,203.12695434646653,642,609,24.54,31,609,46.79802955665025,53.20197044334975,68.0,4.1911764705882355,91.42647058823529,0.9654329264685584,29.614075630252103
MYT1L_001_2_5,Het,MYT1L,F,0.617948717948718,0.49624060150375937,0.6037037037037037,54.12667946257198,564,1053,1.8670212765957446,1.45,0.11,190.65982221109303,478,564,18.27,78,564,45.56737588652482,54.43262411347518,61.0,4.213114754098361,82.91803278688525,0.8758600059826503,25.578051001821493
MYT1L_001_2_6,Wt,MYT1L,F,0.8102345415778252,0.5,0.8033333333333333,65.56854410201913,616,943,1.530844155844156,1.07,0.1,203.9380712096925,324,617,20.39,87,617,67.74716369529983,32.25283630470016,73.0,5.726027397260274,113.68493150684931,1.0106254109992039,25.623813477238134
MYT1L_001_2_8,Het,MYT1L,F,0.6377777777777778,0.43548387096774194,0.6799999999999999,53.81944444444444,619,1162,1.877221324717286,1.13,0.1,205.16513020065344,532,620,18.79,104,620,48.225806451612904,51.774193548387096,64.0,4.671875,93.34375,0.8873073457032604,26.793650013181264
MYT1L_001_2_9,Wt,MYT1L,M,0.7922705314009661,0.48148148148148145,0.7535714285714286,61.733615221987314,583,970,1.6638078902229845,1.58,0.09,194.45285854673682,362,584,23.59,221,584,61.986301369863014,38.013698630136986,81.0,4.469135802469136,95.65432098765432,1.136549659736676,28.05280717225162
MYT1L_001_3_18,Het,MYT1L,M,0.6598360655737705,0.5197368421052632,0.6794117647058824,53.85202135774219,705,1337,1.8964539007092198,1.07,0.11,234.9707241910632,605,706,25.63,106,706,55.240793201133144,44.759206798866856,89.0,4.382022471910112,86.93258426966293,1.2478822223520476,26.553094346352772
MYT1L_001_3_19,Wt,MYT1L,M,0.8350785340314136,0.37272727272727274,0.8285714285714285,57.938144329896915,562,971,1.7277580071174377,1.58,0.13,187.88204749209692,408,562,26.05,19,562,54.804270462633454,45.195729537366546,59.0,5.220338983050848,114.15254237288136,0.8292340126493323,29.306618240516546
MYT1L_001_3_20,Het,MYT1L,M,0.791005291005291,0.42696629213483145,0.7916666666666666,53.91304347826087,496,925,1.8649193548387097,1.01,0.11,165.23388701244622,424,496,24.43,63,496,67.33870967741936,32.66129032258065,55.0,6.072727272727272,138.98181818181817,0.8324224333641638,28.73384288491944
MYT1L_001_5_22,Wt,MYT1L,M,0.7659033078880407,0.5125,0.7444444444444444,60.12793176972282,563,942,1.6731793960923624,0.88,0.08,188.8495314570948,374,564,26.0,25,564,59.9290780141844,40.0709219858156,70.0,4.828571428571428,96.17142857142858,1.0304346226033194,25.904047619047617
MYT1L_001_5_23,Wt,MYT1L,F,0.7797029702970297,0.4666666666666667,0.7407407407407407,61.93619361936194,563,915,1.625222024866785,1.45,0.2,186.11641458683266,346,563,19.81,54,563,61.27886323268206,38.72113676731794,67.0,5.149253731343284,91.8955223880597,1.0115497848569488,23.2279969201611
MYT1L_001_5_24,Het,MYT1L,F,0.5509138381201044,0.4724770642201835,0.6142857142857143,50.6108202443281,579,1151,1.987910189982729,0.94,0.1,193.7579263200223,566,580,19.23,50,580,36.206896551724135,63.793103448275865,49.0,4.285714285714286,91.46938775510205,0.7211420535378478,27.704956268221576
MYT1L_001_5_25,Het,MYT1L,M,0.7029411764705882,0.4857142857142857,0.7076923076923076,56.079664570230605,535,967,1.8074766355140186,1.51,0.11,186.8481898879493,419,535,21.66,73,535,46.728971962616825,53.271028037383175,58.0,4.310344827586207,91.91379310344827,0.8819504283035126,28.398810767776286
MYT1L_001_5_26,Wt,MYT1L,M,0.7668161434977578,0.5047619047619047,0.7172413793103448,58.333333333333336,594,1020,1.7171717171717171,1.2,0.14,198.20792399870453,425,595,23.87,61,595,61.00840336134454,38.99159663865546,72.0,5.041666666666667,121.79166666666667,1.0577260522170624,30.33918650793651
MYT1L_001_5_27,Wt,MYT1L,F,0.7088948787061995,0.43410852713178294,0.6846153846153846,55.99173553719008,541,975,1.8022181146025877,1.58,0.2,179.11598659751226,426,542,20.07,130,542,56.27306273062731,43.72693726937269,68.0,4.485294117647059,99.91176470588235,1.0012884226026137,29.59493464052288
MYT1L_001_5_28,Het,MYT1L,F,0.49214659685863876,0.4885844748858447,0.6566666666666667,49.876543209876544,606,1236,2.0396039603960396,1.26,0.14,202.63479728160752,609,606,18.7,157,606,21.45214521452145,78.54785478547855,32.0,4.0625,89.65625,0.4610231351974356,29.33936011904762
MYT1L_001_7_30,Wt,MYT1L,M,0.8304761904761905,0.47761194029850745,0.796969696969697,66.02687140115164,687,1041,1.51528384279476,0.75,0.13,231.08249947519417,354,688,25.54,17,688,75.5813953488372,24.41860465116279,91.0,5.714285714285714,108.34065934065934,1.3380275937558712,23.329550211693068
MYT1L_001_7_32,Wt,MYT1L,F,0.8241525423728814,0.38571428571428573,0.793103448275862,60.46747967479674,594,989,1.664983164983165,1.01,0.15,197.40116118330104,389,595,20.42,46,595,68.0672268907563,31.932773109243698,63.0,6.428571428571429,143.06349206349208,0.9599349885298774,30.044939522040362
MYT1L_001_8_33,Het,MYT1L,M,0.796,0.4098360655737705,0.725,60.76993583868011,662,1100,1.661631419939577,0.945,0.21,221.40317244364738,428,663,25.32,64,663,69.8340874811463,30.165912518853695,93.0,4.978494623655914,102.68817204301075,1.3197417279629147,25.987198852521427
MYT1L_001_8_34,Wt,MYT1L,M,0.7425968109339408,0.4714285714285714,0.7666666666666667,56.78438661710037,610,1090,1.7868852459016393,1.45,0.17,203.50336150003085,465,611,23.06,157,611,56.46481178396072,43.53518821603928,67.0,5.149253731343284,107.64179104477611,0.9749472509882862,26.31172061769077
MYT1L_001_8_36,Wt,MYT1L,M,0.6389548693586699,0.4476744186046512,0.7233333333333334,53.36206896551724,618,1166,1.8867313915857604,1.2,0.18,206.19968538909964,541,619,24.9,37,619,45.39579967689822,54.60420032310178,67.0,4.1940298507462686,94.8955223880597,1.0111893213041492,29.035974887467425
MYT1L_001_8_39,Het,MYT1L,F,0.4914004914004914,0.5621301775147929,0.593103448275862,49.87468671679198,597,1208,2.023450586264657,1.01,0.14,198.37090707709348,600,597,18.79,123,597,34.17085427135678,65.82914572864321,55.0,3.709090909090909,77.65454545454546,0.7836928557292697,28.716060606060605
MYT1L_001_8_41,Wt,MYT1L,F,0.8193069306930693,0.5409836065573771,0.8240000000000001,66.83738796414853,521,784,1.5047984644913628,1.83,0.12,173.91076338144393,259,522,20.08,96,522,72.03065134099617,27.96934865900383,56.0,6.714285714285714,162.98214285714286,0.7775108084029789,30.180742570921137
MYT1L_001_9_11,Wt,MYT1L,F,0.7563805104408353,0.5,0.7233333333333334,61.14965312190287,616,1015,1.6477272727272727,1.26,0.11,204.1301775601089,392,617,19.68,124,617,54.94327390599676,45.05672609400324,71.0,4.774647887323944,77.70422535211267,1.0386866059817945,21.567292644757433
MYT1L_001_9_12,Het,MYT1L,F,0.574468085106383,0.5159235668789809,0.64,52.864583333333336,608,1161,1.9095394736842106,1.13,0.11,201.43098319800623,543,609,19.4,223,609,42.52873563218391,57.47126436781609,62.0,4.17741935483871,85.6774193548387,0.8986339314831889,27.74804147465438
MYT1L_001_9_13,Het,MYT1L,F,0.5779569892473119,0.58,0.6724137931034482,53.471596032461676,592,1122,1.8952702702702702,1.13,0.16,199.32385379991828,516,593,19.32,219,593,33.72681281618887,66.27318718381113,45.0,4.444444444444445,94.0,0.7058915802820952,28.824523809523807
MYT1L_001_9_14,Het,MYT1L,F,0.5833333333333334,0.5113636363636364,0.5962962962962963,51.903435468895076,558,1083,1.9408602150537635,1.07,0.12,184.56458935204293,518,559,19.41,63,559,32.200357781753134,67.79964221824687,39.0,4.615384615384615,101.23076923076923,0.5629939730773396,28.505416805416807
MYT1L_001_9_17,Het,MYT1L,M,0.6475195822454308,0.525974025974026,0.6620689655172414,52.613240418118465,603,1167,1.935323383084577,1.26,0.12,200.97673880337925,544,604,22.39,140,603,45.43946932006634,54.56053067993366,66.0,4.151515151515151,98.96969696969697,0.9424831416104721,31.779581529581527
